model,best_params,cv_best_f1,accuracy,balanced_accuracy,precision,recall,f1,roc_auc,average_precision,experiment,dataset,protocol,variant,landmark_percent,setting,features_before,features_after,pca_variance,pca_components
logistic,"{""C"": 0.1}",1.0,1.0,1.0,1.0,1.0,1.0,1.0,1.0,4,pkdd_czech,historical,revised,10.0,default,,,,
random_forest,"{""max_depth"": null, ""min_samples_leaf"": 1}",1.0,1.0,1.0,1.0,1.0,1.0,1.0,1.0,4,pkdd_czech,historical,revised,10.0,default,,,,
svm,"{""C"": 0.5, ""kernel"": ""linear""}",1.0,1.0,1.0,1.0,1.0,1.0,1.0,1.0,4,pkdd_czech,historical,revised,10.0,default,,,,
knn,"{""n_neighbors"": 5, ""weights"": ""uniform""}",1.0,1.0,1.0,1.0,1.0,1.0,1.0,1.0,4,pkdd_czech,historical,revised,10.0,default,,,,
xgb,"{""max_depth"": 3, ""n_estimators"": 100}",0.9333333333333332,0.8,0.8333333333333333,0.6666666666666666,1.0,0.8,1.0,1.0,4,pkdd_czech,historical,revised,10.0,default,,,,
logistic,,,1.0,1.0,1.0,1.0,1.0,1.0,1.0,6,pkdd_czech,historical,revised,10.0,default,,,,
logistic,,,1.0,1.0,1.0,1.0,1.0,1.0,1.0,11,pkdd_czech,historical,revised,10.0,default,24.0,6.0,,
knn,,,1.0,1.0,1.0,1.0,1.0,1.0,1.0,15,pkdd_czech,historical,revised,10.0,k=1,,,,
knn,,,1.0,1.0,1.0,1.0,1.0,1.0,1.0,15,pkdd_czech,historical,revised,10.0,k=2,,,,
knn,,,1.0,1.0,1.0,1.0,1.0,1.0,1.0,15,pkdd_czech,historical,revised,10.0,k=3,,,,
knn,,,1.0,1.0,1.0,1.0,1.0,1.0,1.0,15,pkdd_czech,historical,revised,10.0,k=4,,,,
knn,,,1.0,1.0,1.0,1.0,1.0,1.0,1.0,15,pkdd_czech,historical,revised,10.0,k=5,,,,
knn,,,1.0,1.0,1.0,1.0,1.0,1.0,1.0,15,pkdd_czech,historical,revised,10.0,k=6,,,,
knn,,,1.0,1.0,1.0,1.0,1.0,1.0,1.0,15,pkdd_czech,historical,revised,10.0,k=7,,,,
knn,,,1.0,1.0,1.0,1.0,1.0,1.0,1.0,15,pkdd_czech,historical,revised,10.0,k=8,,,,
knn,,,1.0,1.0,1.0,1.0,1.0,1.0,1.0,15,pkdd_czech,historical,revised,10.0,k=9,,,,
knn,,,1.0,1.0,1.0,1.0,1.0,1.0,1.0,15,pkdd_czech,historical,revised,10.0,k=10,,,,
knn,,,1.0,1.0,1.0,1.0,1.0,1.0,1.0,15,pkdd_czech,historical,revised,10.0,k=11,,,,
knn,,,1.0,1.0,1.0,1.0,1.0,1.0,1.0,15,pkdd_czech,historical,revised,10.0,k=12,,,,
knn,,,1.0,1.0,1.0,1.0,1.0,1.0,1.0,15,pkdd_czech,historical,revised,10.0,k=13,,,,
knn,,,1.0,1.0,1.0,1.0,1.0,1.0,1.0,15,pkdd_czech,historical,revised,10.0,k=14,,,,
knn,,,1.0,1.0,1.0,1.0,1.0,1.0,1.0,15,pkdd_czech,historical,revised,10.0,k=15,,,,
knn,,,1.0,1.0,1.0,1.0,1.0,1.0,1.0,15,pkdd_czech,historical,revised,10.0,k=16,,,,
linear_regression,,,1.0,1.0,1.0,1.0,1.0,,,19,pkdd_czech,historical,revised,10.0,default,,,,
logistic,"{""C"": 1.0}",0.9975029809917936,0.995,0.995,1.0,0.99,0.9949748743718592,1.0,1.0,4,pkdd_czech,historical,historical500,10.0,default,,,,
random_forest,"{""max_depth"": null, ""min_samples_leaf"": 1}",0.9962730025623108,0.995,0.995,1.0,0.99,0.9949748743718592,1.0,1.0,4,pkdd_czech,historical,historical500,10.0,default,,,,
svm,"{""C"": 0.5, ""kernel"": ""linear""}",0.9949871852856926,1.0,1.0,1.0,1.0,1.0,1.0,1.0,4,pkdd_czech,historical,historical500,10.0,default,,,,
knn,"{""n_neighbors"": 5, ""weights"": ""uniform""}",0.9975029809917936,0.995,0.995,1.0,0.99,0.9949748743718592,0.99995,0.99990099009901,4,pkdd_czech,historical,historical500,10.0,default,,,,
xgb,"{""max_depth"": 3, ""n_estimators"": 100}",0.9962730025623108,1.0,1.0,1.0,1.0,1.0,1.0,1.0,4,pkdd_czech,historical,historical500,10.0,default,,,,
logistic,,,0.98,0.98,0.98,0.98,0.98,0.9992,0.9992038815646272,6,pkdd_czech,historical,historical500,10.0,default,,,,
logistic,,,1.0,1.0,1.0,1.0,1.0,1.0,1.0,11,pkdd_czech,historical,historical500,10.0,default,24.0,7.0,,
knn,,,0.995,0.995,1.0,0.99,0.9949748743718592,0.995,0.995,15,pkdd_czech,historical,historical500,10.0,k=1,,,,
knn,,,0.995,0.995,1.0,0.99,0.9949748743718592,1.0,1.0,15,pkdd_czech,historical,historical500,10.0,k=2,,,,
knn,,,0.995,0.995,1.0,0.99,0.9949748743718592,0.99995,0.99990099009901,15,pkdd_czech,historical,historical500,10.0,k=3,,,,
knn,,,0.995,0.995,1.0,0.99,0.9949748743718592,0.99995,0.99990099009901,15,pkdd_czech,historical,historical500,10.0,k=4,,,,
knn,,,0.995,0.995,1.0,0.99,0.9949748743718592,0.99995,0.99990099009901,15,pkdd_czech,historical,historical500,10.0,k=5,,,,
knn,,,0.995,0.995,1.0,0.99,0.9949748743718592,1.0,1.0,15,pkdd_czech,historical,historical500,10.0,k=6,,,,
knn,,,0.995,0.995,1.0,0.99,0.9949748743718592,1.0,1.0,15,pkdd_czech,historical,historical500,10.0,k=7,,,,
knn,,,0.99,0.99,1.0,0.98,0.98989898989899,1.0,1.0,15,pkdd_czech,historical,historical500,10.0,k=8,,,,
knn,,,0.995,0.995,1.0,0.99,0.9949748743718592,1.0,1.0,15,pkdd_czech,historical,historical500,10.0,k=9,,,,
knn,,,0.985,0.985,1.0,0.97,0.9847715736040608,1.0,1.0,15,pkdd_czech,historical,historical500,10.0,k=10,,,,
knn,,,0.985,0.985,1.0,0.97,0.9847715736040608,1.0,1.0,15,pkdd_czech,historical,historical500,10.0,k=11,,,,
knn,,,0.98,0.98,1.0,0.96,0.979591836734694,1.0,1.0,15,pkdd_czech,historical,historical500,10.0,k=12,,,,
knn,,,0.98,0.98,1.0,0.96,0.979591836734694,1.0,1.0,15,pkdd_czech,historical,historical500,10.0,k=13,,,,
knn,,,0.98,0.98,1.0,0.96,0.979591836734694,1.0,1.0,15,pkdd_czech,historical,historical500,10.0,k=14,,,,
knn,,,0.98,0.98,1.0,0.96,0.979591836734694,1.0,1.0,15,pkdd_czech,historical,historical500,10.0,k=15,,,,
knn,,,0.98,0.98,1.0,0.96,0.979591836734694,1.0,1.0,15,pkdd_czech,historical,historical500,10.0,k=16,,,,
knn,,,0.98,0.98,1.0,0.96,0.979591836734694,1.0,1.0,15,pkdd_czech,historical,historical500,10.0,k=17,,,,
knn,,,0.98,0.98,1.0,0.96,0.979591836734694,1.0,1.0,15,pkdd_czech,historical,historical500,10.0,k=18,,,,
knn,,,0.98,0.98,1.0,0.96,0.979591836734694,1.0,1.0,15,pkdd_czech,historical,historical500,10.0,k=19,,,,
knn,,,0.98,0.98,1.0,0.96,0.979591836734694,1.0,1.0,15,pkdd_czech,historical,historical500,10.0,k=20,,,,
linear_regression,,,0.98,0.98,1.0,0.96,0.979591836734694,,,19,pkdd_czech,historical,historical500,10.0,default,,,,
logistic,,,1.0,1.0,1.0,1.0,1.0,1.0,1.0,6,pkdd_czech,historical,revised,20.0,default,,,,
logistic,,,1.0,1.0,1.0,1.0,1.0,1.0,1.0,11,pkdd_czech,historical,revised,20.0,default,24.0,5.0,,
knn,,,1.0,1.0,1.0,1.0,1.0,1.0,1.0,15,pkdd_czech,historical,revised,20.0,k=1,,,,
knn,,,0.6666666666666666,0.5,0.0,0.0,0.0,1.0,1.0,15,pkdd_czech,historical,revised,20.0,k=2,,,,
knn,,,1.0,1.0,1.0,1.0,1.0,1.0,1.0,15,pkdd_czech,historical,revised,20.0,k=3,,,,
knn,,,0.6666666666666666,0.5,0.0,0.0,0.0,1.0,1.0,15,pkdd_czech,historical,revised,20.0,k=4,,,,
knn,,,1.0,1.0,1.0,1.0,1.0,1.0,1.0,15,pkdd_czech,historical,revised,20.0,k=5,,,,
knn,,,1.0,1.0,1.0,1.0,1.0,1.0,1.0,15,pkdd_czech,historical,revised,20.0,k=6,,,,
knn,,,1.0,1.0,1.0,1.0,1.0,1.0,1.0,15,pkdd_czech,historical,revised,20.0,k=7,,,,
knn,,,1.0,1.0,1.0,1.0,1.0,1.0,1.0,15,pkdd_czech,historical,revised,20.0,k=8,,,,
linear_regression,,,1.0,1.0,1.0,1.0,1.0,,,19,pkdd_czech,historical,revised,20.0,default,,,,
logistic,"{""C"": 0.1}",1.0,1.0,1.0,1.0,1.0,1.0,1.0,1.0,4,pkdd_czech,historical,historical500,20.0,default,,,,
random_forest,"{""max_depth"": null, ""min_samples_leaf"": 1}",1.0,1.0,1.0,1.0,1.0,1.0,1.0,1.0,4,pkdd_czech,historical,historical500,20.0,default,,,,
svm,"{""C"": 0.5, ""kernel"": ""linear""}",1.0,1.0,1.0,1.0,1.0,1.0,1.0,1.0,4,pkdd_czech,historical,historical500,20.0,default,,,,
knn,"{""n_neighbors"": 5, ""weights"": ""uniform""}",1.0,1.0,1.0,1.0,1.0,1.0,1.0,1.0,4,pkdd_czech,historical,historical500,20.0,default,,,,
xgb,"{""max_depth"": 3, ""n_estimators"": 100}",0.9961977186311788,1.0,1.0,1.0,1.0,1.0,1.0,1.0,4,pkdd_czech,historical,historical500,20.0,default,,,,
logistic,,,1.0,1.0,1.0,1.0,1.0,1.0,1.0,6,pkdd_czech,historical,historical500,20.0,default,,,,
logistic,,,1.0,1.0,1.0,1.0,1.0,1.0,1.0,11,pkdd_czech,historical,historical500,20.0,default,24.0,7.0,,
knn,,,1.0,1.0,1.0,1.0,1.0,1.0,1.0,15,pkdd_czech,historical,historical500,20.0,k=1,,,,
knn,,,1.0,1.0,1.0,1.0,1.0,1.0,1.0,15,pkdd_czech,historical,historical500,20.0,k=2,,,,
knn,,,1.0,1.0,1.0,1.0,1.0,1.0,1.0,15,pkdd_czech,historical,historical500,20.0,k=3,,,,
knn,,,1.0,1.0,1.0,1.0,1.0,1.0,1.0,15,pkdd_czech,historical,historical500,20.0,k=4,,,,
knn,,,1.0,1.0,1.0,1.0,1.0,1.0,1.0,15,pkdd_czech,historical,historical500,20.0,k=5,,,,
knn,,,1.0,1.0,1.0,1.0,1.0,1.0,1.0,15,pkdd_czech,historical,historical500,20.0,k=6,,,,
knn,,,1.0,1.0,1.0,1.0,1.0,1.0,1.0,15,pkdd_czech,historical,historical500,20.0,k=7,,,,
knn,,,1.0,1.0,1.0,1.0,1.0,1.0,1.0,15,pkdd_czech,historical,historical500,20.0,k=8,,,,
knn,,,1.0,1.0,1.0,1.0,1.0,1.0,1.0,15,pkdd_czech,historical,historical500,20.0,k=9,,,,
knn,,,1.0,1.0,1.0,1.0,1.0,1.0,1.0,15,pkdd_czech,historical,historical500,20.0,k=10,,,,
knn,,,1.0,1.0,1.0,1.0,1.0,1.0,1.0,15,pkdd_czech,historical,historical500,20.0,k=11,,,,
knn,,,1.0,1.0,1.0,1.0,1.0,1.0,1.0,15,pkdd_czech,historical,historical500,20.0,k=12,,,,
knn,,,1.0,1.0,1.0,1.0,1.0,1.0,1.0,15,pkdd_czech,historical,historical500,20.0,k=13,,,,
knn,,,1.0,1.0,1.0,1.0,1.0,1.0,1.0,15,pkdd_czech,historical,historical500,20.0,k=14,,,,
knn,,,1.0,1.0,1.0,1.0,1.0,1.0,1.0,15,pkdd_czech,historical,historical500,20.0,k=15,,,,
knn,,,1.0,1.0,1.0,1.0,1.0,1.0,1.0,15,pkdd_czech,historical,historical500,20.0,k=16,,,,
knn,,,1.0,1.0,1.0,1.0,1.0,1.0,1.0,15,pkdd_czech,historical,historical500,20.0,k=17,,,,
knn,,,1.0,1.0,1.0,1.0,1.0,1.0,1.0,15,pkdd_czech,historical,historical500,20.0,k=18,,,,
knn,,,1.0,1.0,1.0,1.0,1.0,1.0,1.0,15,pkdd_czech,historical,historical500,20.0,k=19,,,,
knn,,,1.0,1.0,1.0,1.0,1.0,1.0,1.0,15,pkdd_czech,historical,historical500,20.0,k=20,,,,
linear_regression,,,1.0,1.0,1.0,1.0,1.0,,,19,pkdd_czech,historical,historical500,20.0,default,,,,
logistic,"{""C"": 0.1}",0.9333333333333332,0.5,0.5,0.5,1.0,0.6666666666666666,1.0,1.0,4,pkdd_czech,clean,revised,10.0,default,,,,
random_forest,"{""max_depth"": null, ""min_samples_leaf"": 1}",0.9333333333333332,0.5,0.5,0.5,1.0,0.6666666666666666,0.9,0.8333333333333334,4,pkdd_czech,clean,revised,10.0,default,,,,
svm,"{""C"": 0.5, ""kernel"": ""linear""}",0.9333333333333332,0.6,0.6,0.5555555555555556,1.0,0.7142857142857143,1.0,1.0,4,pkdd_czech,clean,revised,10.0,default,,,,
knn,"{""n_neighbors"": 5, ""weights"": ""uniform""}",0.9333333333333332,0.5,0.5,0.5,1.0,0.6666666666666666,0.5,0.5,4,pkdd_czech,clean,revised,10.0,default,,,,
xgb,"{""max_depth"": 3, ""n_estimators"": 100}",0.8412698412698413,0.5,0.5,0.5,1.0,0.6666666666666666,0.9,0.8333333333333334,4,pkdd_czech,clean,revised,10.0,default,,,,
logistic,,,0.8,0.8,0.7142857142857143,1.0,0.8333333333333334,1.0,1.0,6,pkdd_czech,clean,revised,10.0,default,,,,
logistic,,,0.6,0.6,0.5555555555555556,1.0,0.7142857142857143,1.0,1.0,11,pkdd_czech,clean,revised,10.0,default,24.0,9.0,,
knn,,,0.5,0.5,0.5,1.0,0.6666666666666666,0.5,0.5,15,pkdd_czech,clean,revised,10.0,k=1,,,,
knn,,,0.5,0.5,0.5,1.0,0.6666666666666666,0.5,0.5,15,pkdd_czech,clean,revised,10.0,k=2,,,,
knn,,,0.5,0.5,0.5,1.0,0.6666666666666666,0.5,0.5,15,pkdd_czech,clean,revised,10.0,k=3,,,,
knn,,,0.5,0.5,0.5,1.0,0.6666666666666666,0.5,0.5,15,pkdd_czech,clean,revised,10.0,k=4,,,,
knn,,,0.5,0.5,0.5,1.0,0.6666666666666666,0.5,0.5,15,pkdd_czech,clean,revised,10.0,k=5,,,,
knn,,,0.5,0.5,0.5,1.0,0.6666666666666666,0.5,0.5,15,pkdd_czech,clean,revised,10.0,k=6,,,,
knn,,,0.5,0.5,0.5,1.0,0.6666666666666666,0.5,0.5,15,pkdd_czech,clean,revised,10.0,k=7,,,,
knn,,,0.5,0.5,0.5,1.0,0.6666666666666666,0.5,0.5,15,pkdd_czech,clean,revised,10.0,k=8,,,,
knn,,,0.5,0.5,0.5,1.0,0.6666666666666666,0.5,0.5,15,pkdd_czech,clean,revised,10.0,k=9,,,,
knn,,,0.5,0.5,0.5,1.0,0.6666666666666666,0.5,0.5,15,pkdd_czech,clean,revised,10.0,k=10,,,,
knn,,,0.5,0.5,0.5,1.0,0.6666666666666666,0.5,0.5,15,pkdd_czech,clean,revised,10.0,k=11,,,,
knn,,,0.5,0.5,0.5,1.0,0.6666666666666666,0.5,0.5,15,pkdd_czech,clean,revised,10.0,k=12,,,,
knn,,,0.5,0.5,0.5,1.0,0.6666666666666666,0.5,0.5,15,pkdd_czech,clean,revised,10.0,k=13,,,,
knn,,,0.5,0.5,0.5,1.0,0.6666666666666666,0.5,0.5,15,pkdd_czech,clean,revised,10.0,k=14,,,,
knn,,,0.5,0.5,0.5,1.0,0.6666666666666666,0.5,0.5,15,pkdd_czech,clean,revised,10.0,k=15,,,,
knn,,,0.5,0.5,0.5,1.0,0.6666666666666666,0.5,0.5,15,pkdd_czech,clean,revised,10.0,k=16,,,,
knn,,,0.5,0.5,0.5,1.0,0.6666666666666666,0.5,0.5,15,pkdd_czech,clean,revised,10.0,k=17,,,,
knn,,,0.5,0.5,0.5,1.0,0.6666666666666666,0.5,0.5,15,pkdd_czech,clean,revised,10.0,k=18,,,,
knn,,,0.5,0.5,0.5,1.0,0.6666666666666666,0.5,0.5,15,pkdd_czech,clean,revised,10.0,k=19,,,,
knn,,,0.5,0.5,0.0,0.0,0.0,0.5,0.5,15,pkdd_czech,clean,revised,10.0,k=20,,,,
linear_regression,,,0.5,0.5,0.5,1.0,0.6666666666666666,,,19,pkdd_czech,clean,revised,10.0,default,,,,
logistic,"{""C"": 1.0}",0.9940059820299342,0.555,0.555,0.5291005291005291,1.0,0.6920415224913494,0.9848,0.9880309851502472,4,pkdd_czech,clean,historical500,10.0,default,,,,
random_forest,"{""max_depth"": null, ""min_samples_leaf"": 1}",0.9940059641373432,0.533,0.533,0.5170630816959669,1.0,0.6816632583503749,0.615186,0.5679866145610134,4,pkdd_czech,clean,historical500,10.0,default,,,,
svm,"{""C"": 0.5, ""kernel"": ""linear""}",0.9910208355093444,0.568,0.5680000000000001,0.5364806866952789,1.0,0.6983240223463687,0.995408,0.9959529148895904,4,pkdd_czech,clean,historical500,10.0,default,,,,
knn,"{""n_neighbors"": 5, ""weights"": ""uniform""}",0.9879878259845892,0.552,0.552,0.5274261603375527,1.0,0.6906077348066298,0.5855480000000001,0.5469151387481765,4,pkdd_czech,clean,historical500,10.0,default,,,,
xgb,"{""max_depth"": 3, ""n_estimators"": 200}",0.9929687273962876,0.544,0.544,0.5230125523012552,1.0,0.6868131868131868,0.80957,0.7538486492760715,4,pkdd_czech,clean,historical500,10.0,default,,,,
logistic,,,0.631,0.631,0.5753739930955121,1.0,0.7304601899196493,0.996136,0.9965100691015292,6,pkdd_czech,clean,historical500,10.0,default,,,,
logistic,,,0.543,0.543,0.522466039707419,1.0,0.6863417982155113,0.94326,0.9684986535882838,11,pkdd_czech,clean,historical500,10.0,default,24.0,8.0,,
knn,,,0.567,0.567,0.5359056806002144,1.0,0.6978367062107467,0.567,0.5359056806002144,15,pkdd_czech,clean,historical500,10.0,k=1,,,,
knn,,,0.57,0.57,0.5382096069868996,0.986,0.6963276836158192,0.570546,0.5379587515733701,15,pkdd_czech,clean,historical500,10.0,k=2,,,,
knn,,,0.545,0.545,0.5237592397043295,0.992,0.6855563234277816,0.5782700000000001,0.5426292803561108,15,pkdd_czech,clean,historical500,10.0,k=3,,,,
knn,,,0.556,0.556,0.5299145299145299,0.992,0.6908077994428969,0.580464,0.543878162676176,15,pkdd_czech,clean,historical500,10.0,k=4,,,,
knn,,,0.552,0.552,0.5274261603375527,1.0,0.6906077348066298,0.5855480000000001,0.5469151387481765,15,pkdd_czech,clean,historical500,10.0,k=5,,,,
knn,,,0.553,0.553,0.5279831045406547,1.0,0.691085003455425,0.5924999999999999,0.5511439411001636,15,pkdd_czech,clean,historical500,10.0,k=6,,,,
knn,,,0.552,0.552,0.5274261603375527,1.0,0.6906077348066298,0.59368,0.5518485318299272,15,pkdd_czech,clean,historical500,10.0,k=7,,,,
knn,,,0.552,0.552,0.5274261603375527,1.0,0.6906077348066298,0.59968,0.5555460925947252,15,pkdd_czech,clean,historical500,10.0,k=8,,,,
knn,,,0.552,0.552,0.5274261603375527,1.0,0.6906077348066298,0.606688,0.5599259879858716,15,pkdd_czech,clean,historical500,10.0,k=9,,,,
knn,,,0.552,0.552,0.5274261603375527,1.0,0.6906077348066298,0.608968,0.5613719346575828,15,pkdd_czech,clean,historical500,10.0,k=10,,,,
knn,,,0.552,0.552,0.5274261603375527,1.0,0.6906077348066298,0.61061,0.5625871664918782,15,pkdd_czech,clean,historical500,10.0,k=11,,,,
knn,,,0.552,0.552,0.5274261603375527,1.0,0.6906077348066298,0.6110079999999999,0.5628716279281066,15,pkdd_czech,clean,historical500,10.0,k=12,,,,
knn,,,0.552,0.552,0.5274261603375527,1.0,0.6906077348066298,0.613028,0.564157271765947,15,pkdd_czech,clean,historical500,10.0,k=13,,,,
knn,,,0.552,0.552,0.5274261603375527,1.0,0.6906077348066298,0.618,0.567379659570679,15,pkdd_czech,clean,historical500,10.0,k=14,,,,
knn,,,0.552,0.552,0.5274261603375527,1.0,0.6906077348066298,0.620036,0.5686953132223671,15,pkdd_czech,clean,historical500,10.0,k=15,,,,
knn,,,0.552,0.552,0.5274261603375527,1.0,0.6906077348066298,0.622004,0.5699960899786384,15,pkdd_czech,clean,historical500,10.0,k=16,,,,
knn,,,0.552,0.552,0.5274261603375527,1.0,0.6906077348066298,0.622946,0.5706433079626206,15,pkdd_czech,clean,historical500,10.0,k=17,,,,
knn,,,0.552,0.552,0.5274261603375527,1.0,0.6906077348066298,0.62378,0.5712931365604101,15,pkdd_czech,clean,historical500,10.0,k=18,,,,
knn,,,0.552,0.552,0.5274261603375527,1.0,0.6906077348066298,0.624818,0.5719670903138739,15,pkdd_czech,clean,historical500,10.0,k=19,,,,
knn,,,0.552,0.552,0.5274261603375527,1.0,0.6906077348066298,0.6277699999999999,0.5739436359073179,15,pkdd_czech,clean,historical500,10.0,k=20,,,,
linear_regression,,,0.552,0.552,0.5274261603375527,1.0,0.6906077348066298,,,19,pkdd_czech,clean,historical500,10.0,default,,,,
logistic,,,0.6,0.6,0.5555555555555556,1.0,0.7142857142857143,1.0,1.0,6,pkdd_czech,clean,revised,20.0,default,,,,
logistic,,,0.6,0.6,0.5555555555555556,1.0,0.7142857142857143,1.0,1.0,11,pkdd_czech,clean,revised,20.0,default,24.0,5.0,,
knn,,,0.5,0.5,0.5,1.0,0.6666666666666666,0.5,0.5,15,pkdd_czech,clean,revised,20.0,k=1,,,,
knn,,,0.8,0.8,0.7142857142857143,1.0,0.8333333333333334,0.8,0.7142857142857143,15,pkdd_czech,clean,revised,20.0,k=2,,,,
knn,,,0.8,0.8,0.7142857142857143,1.0,0.8333333333333334,0.8,0.7142857142857143,15,pkdd_czech,clean,revised,20.0,k=3,,,,
knn,,,0.8,0.8,0.7142857142857143,1.0,0.8333333333333334,0.8,0.7142857142857143,15,pkdd_czech,clean,revised,20.0,k=4,,,,
knn,,,0.8,0.8,0.7142857142857143,1.0,0.8333333333333334,0.8,0.7142857142857143,15,pkdd_czech,clean,revised,20.0,k=5,,,,
knn,,,0.8,0.8,0.7142857142857143,1.0,0.8333333333333334,0.9,0.8333333333333334,15,pkdd_czech,clean,revised,20.0,k=6,,,,
knn,,,0.8,0.8,0.7142857142857143,1.0,0.8333333333333334,0.8,0.7142857142857143,15,pkdd_czech,clean,revised,20.0,k=7,,,,
knn,,,0.8,0.8,0.7142857142857143,1.0,0.8333333333333334,0.8,0.7142857142857143,15,pkdd_czech,clean,revised,20.0,k=8,,,,
knn,,,0.8,0.8,0.7142857142857143,1.0,0.8333333333333334,0.8,0.7142857142857143,15,pkdd_czech,clean,revised,20.0,k=9,,,,
knn,,,0.8,0.8,0.7142857142857143,1.0,0.8333333333333334,0.8,0.7142857142857143,15,pkdd_czech,clean,revised,20.0,k=10,,,,
knn,,,0.8,0.8,0.7142857142857143,1.0,0.8333333333333334,0.8,0.7142857142857143,15,pkdd_czech,clean,revised,20.0,k=11,,,,
linear_regression,,,0.6,0.6,0.5555555555555556,1.0,0.7142857142857143,,,19,pkdd_czech,clean,revised,20.0,default,,,,
logistic,"{""C"": 0.1}",0.998998998998999,0.542,0.542,0.5219206680584552,1.0,0.6858710562414266,0.970664,0.979258597957522,4,pkdd_czech,clean,historical500,20.0,default,,,,
random_forest,"{""max_depth"": null, ""min_samples_leaf"": 1}",0.998998998998999,0.565,0.565,0.5347593582887701,1.0,0.6968641114982579,0.6444880000000001,0.5846857239014744,4,pkdd_czech,clean,historical500,20.0,default,,,,
svm,"{""C"": 0.5, ""kernel"": ""linear""}",0.998998998998999,0.565,0.565,0.5347593582887701,1.0,0.6968641114982579,0.972472,0.980745526231596,4,pkdd_czech,clean,historical500,20.0,default,,,,
knn,"{""n_neighbors"": 5, ""weights"": ""uniform""}",0.998998998998999,0.532,0.532,0.5165289256198347,1.0,0.6811989100817438,0.55,0.5263157894736842,4,pkdd_czech,clean,historical500,20.0,default,,,,
xgb,"{""max_depth"": 3, ""n_estimators"": 100}",0.998015873015873,0.546,0.546,0.5241090146750524,1.0,0.687757909215956,0.702614,0.6278889531589079,4,pkdd_czech,clean,historical500,20.0,default,,,,
logistic,,,0.516,0.516,0.508130081300813,1.0,0.6738544474393531,0.950972,0.971681416489144,6,pkdd_czech,clean,historical500,20.0,default,,,,
logistic,,,0.521,0.521,0.5107252298263534,1.0,0.676132521974307,0.97436,0.9836000618985552,11,pkdd_czech,clean,historical500,20.0,default,24.0,6.0,,
knn,,,0.532,0.532,0.5165289256198347,1.0,0.6811989100817438,0.532,0.5165289256198347,15,pkdd_czech,clean,historical500,20.0,k=1,,,,
knn,,,0.535,0.535,0.5181347150259067,1.0,0.6825938566552902,0.5349999999999999,0.5181347150259067,15,pkdd_czech,clean,historical500,20.0,k=2,,,,
knn,,,0.532,0.532,0.5165289256198347,1.0,0.6811989100817438,0.544,0.5230125523012552,15,pkdd_czech,clean,historical500,20.0,k=3,,,,
knn,,,0.536,0.536,0.5186721991701245,1.0,0.6830601092896175,0.5469999999999999,0.5246589716684156,15,pkdd_czech,clean,historical500,20.0,k=4,,,,
knn,,,0.532,0.532,0.5165289256198347,1.0,0.6811989100817438,0.55,0.5263157894736842,15,pkdd_czech,clean,historical500,20.0,k=5,,,,
knn,,,0.536,0.536,0.5186721991701245,1.0,0.6830601092896175,0.5569999999999999,0.5302226935312832,15,pkdd_czech,clean,historical500,20.0,k=6,,,,
knn,,,0.534,0.534,0.5175983436853002,1.0,0.6821282401091405,0.5609999999999999,0.5324813631522897,15,pkdd_czech,clean,historical500,20.0,k=7,,,,
knn,,,0.537,0.537,0.5192107995846313,1.0,0.683526999316473,0.562,0.5330490405117271,15,pkdd_czech,clean,historical500,20.0,k=8,,,,
knn,,,0.531,0.531,0.5159958720330238,1.0,0.6807351940095303,0.565,0.5347593582887701,15,pkdd_czech,clean,historical500,20.0,k=9,,,,
knn,,,0.539,0.539,0.5202913631633714,1.0,0.6844626967830253,0.5700000000000001,0.5376344086021505,15,pkdd_czech,clean,historical500,20.0,k=10,,,,
knn,,,0.536,0.536,0.5186721991701245,1.0,0.6830601092896175,0.571,0.5382131324004306,15,pkdd_czech,clean,historical500,20.0,k=11,,,,
knn,,,0.538,0.538,0.5197505197505198,1.0,0.6839945280437757,0.5720000000000001,0.5387931034482759,15,pkdd_czech,clean,historical500,20.0,k=12,,,,
knn,,,0.537,0.537,0.5192107995846313,1.0,0.683526999316473,0.575,0.5405405405405406,15,pkdd_czech,clean,historical500,20.0,k=13,,,,
knn,,,0.539,0.539,0.5202913631633714,1.0,0.6844626967830253,0.5800000000000001,0.5434782608695652,15,pkdd_czech,clean,historical500,20.0,k=14,,,,
knn,,,0.538,0.538,0.5197505197505198,1.0,0.6839945280437757,0.5830000000000001,0.5452562704471101,15,pkdd_czech,clean,historical500,20.0,k=15,,,,
knn,,,0.541,0.541,0.5213764337851929,1.0,0.6854009595613434,0.587,0.547645125958379,15,pkdd_czech,clean,historical500,20.0,k=16,,,,
knn,,,0.54,0.54,0.5208333333333334,1.0,0.684931506849315,0.5910000000000001,0.5500550055005501,15,pkdd_czech,clean,historical500,20.0,k=17,,,,
knn,,,0.541,0.541,0.5213764337851929,1.0,0.6854009595613434,0.592,0.5506607929515418,15,pkdd_czech,clean,historical500,20.0,k=18,,,,
knn,,,0.54,0.54,0.5208333333333334,1.0,0.684931506849315,0.5920000000000001,0.5506607929515418,15,pkdd_czech,clean,historical500,20.0,k=19,,,,
knn,,,0.541,0.541,0.5213764337851929,1.0,0.6854009595613434,0.593,0.5512679162072768,15,pkdd_czech,clean,historical500,20.0,k=20,,,,
linear_regression,,,0.566,0.5660000000000001,0.5353319057815846,1.0,0.697350069735007,,,19,pkdd_czech,clean,historical500,20.0,default,,,,
logistic,"{""C"": 0.1}",1.0,0.8,0.75,1.0,0.5,0.6666666666666666,0.5,0.7,4,polish_bankruptcy,historical,revised,10.0,default,,,,
random_forest,"{""max_depth"": null, ""min_samples_leaf"": 1}",1.0,1.0,1.0,1.0,1.0,1.0,1.0,1.0,4,polish_bankruptcy,historical,revised,10.0,default,,,,
svm,"{""C"": 0.5, ""kernel"": ""rbf""}",1.0,0.8,0.75,1.0,0.5,0.6666666666666666,0.5,0.7,4,polish_bankruptcy,historical,revised,10.0,default,,,,
knn,"{""n_neighbors"": 5, ""weights"": ""uniform""}",1.0,0.8,0.75,1.0,0.5,0.6666666666666666,0.75,0.7,4,polish_bankruptcy,historical,revised,10.0,default,,,,
xgb,"{""max_depth"": 3, ""n_estimators"": 100}",0.9523809523809524,0.8,0.75,1.0,0.5,0.6666666666666666,1.0,1.0,4,polish_bankruptcy,historical,revised,10.0,default,,,,
logistic,,,0.8,0.75,1.0,0.5,0.6666666666666666,0.5,0.7,6,polish_bankruptcy,historical,revised,10.0,default,,,,
logistic,,,0.8,0.75,1.0,0.5,0.6666666666666666,0.5,0.7,11,polish_bankruptcy,historical,revised,10.0,default,24.0,8.0,,
knn,,,0.8,0.75,1.0,0.5,0.6666666666666666,0.75,0.7,15,polish_bankruptcy,historical,revised,10.0,k=1,,,,
knn,,,0.8,0.75,1.0,0.5,0.6666666666666666,0.75,0.7,15,polish_bankruptcy,historical,revised,10.0,k=2,,,,
knn,,,0.8,0.75,1.0,0.5,0.6666666666666666,0.75,0.7,15,polish_bankruptcy,historical,revised,10.0,k=3,,,,
knn,,,0.8,0.75,1.0,0.5,0.6666666666666666,0.75,0.7,15,polish_bankruptcy,historical,revised,10.0,k=4,,,,
knn,,,0.8,0.75,1.0,0.5,0.6666666666666666,0.75,0.7,15,polish_bankruptcy,historical,revised,10.0,k=5,,,,
knn,,,0.8,0.75,1.0,0.5,0.6666666666666666,0.6666666666666666,0.7,15,polish_bankruptcy,historical,revised,10.0,k=6,,,,
knn,,,0.8,0.75,1.0,0.5,0.6666666666666666,0.5,0.7,15,polish_bankruptcy,historical,revised,10.0,k=7,,,,
knn,,,0.8,0.75,1.0,0.5,0.6666666666666666,0.5,0.7,15,polish_bankruptcy,historical,revised,10.0,k=8,,,,
knn,,,0.8,0.75,1.0,0.5,0.6666666666666666,0.5,0.7,15,polish_bankruptcy,historical,revised,10.0,k=9,,,,
knn,,,0.8,0.75,1.0,0.5,0.6666666666666666,0.5,0.7,15,polish_bankruptcy,historical,revised,10.0,k=10,,,,
knn,,,0.8,0.75,1.0,0.5,0.6666666666666666,0.5,0.7,15,polish_bankruptcy,historical,revised,10.0,k=11,,,,
knn,,,0.8,0.75,1.0,0.5,0.6666666666666666,0.5,0.7,15,polish_bankruptcy,historical,revised,10.0,k=12,,,,
knn,,,0.6,0.5833333333333333,0.5,0.5,0.5,0.5,0.7,15,polish_bankruptcy,historical,revised,10.0,k=13,,,,
knn,,,0.6,0.5833333333333333,0.5,0.5,0.5,0.5,0.7,15,polish_bankruptcy,historical,revised,10.0,k=14,,,,
knn,,,0.2,0.25,0.25,0.5,0.3333333333333333,0.4166666666666667,0.45,15,polish_bankruptcy,historical,revised,10.0,k=15,,,,
knn,,,0.2,0.25,0.25,0.5,0.3333333333333333,0.25,0.325,15,polish_bankruptcy,historical,revised,10.0,k=16,,,,
linear_regression,,,0.8,0.75,1.0,0.5,0.6666666666666666,,,19,polish_bankruptcy,historical,revised,10.0,default,,,,
logistic,"{""C"": 0.1}",1.0,1.0,1.0,1.0,1.0,1.0,1.0,1.0,4,polish_bankruptcy,historical,historical500,10.0,default,,,,
random_forest,"{""max_depth"": null, ""min_samples_leaf"": 1}",1.0,1.0,1.0,1.0,1.0,1.0,1.0,1.0,4,polish_bankruptcy,historical,historical500,10.0,default,,,,
svm,"{""C"": 0.5, ""kernel"": ""linear""}",1.0,1.0,1.0,1.0,1.0,1.0,1.0,1.0,4,polish_bankruptcy,historical,historical500,10.0,default,,,,
knn,"{""n_neighbors"": 5, ""weights"": ""distance""}",1.0,1.0,1.0,1.0,1.0,1.0,1.0,1.0,4,polish_bankruptcy,historical,historical500,10.0,default,,,,
xgb,"{""max_depth"": 3, ""n_estimators"": 100}",0.9987421383647798,1.0,1.0,1.0,1.0,1.0,1.0,1.0,4,polish_bankruptcy,historical,historical500,10.0,default,,,,
logistic,,,1.0,1.0,1.0,1.0,1.0,1.0,1.0,6,polish_bankruptcy,historical,historical500,10.0,default,,,,
logistic,,,1.0,1.0,1.0,1.0,1.0,1.0,1.0,11,polish_bankruptcy,historical,historical500,10.0,default,24.0,8.0,,
knn,,,1.0,1.0,1.0,1.0,1.0,1.0,1.0,15,polish_bankruptcy,historical,historical500,10.0,k=1,,,,
knn,,,1.0,1.0,1.0,1.0,1.0,1.0,1.0,15,polish_bankruptcy,historical,historical500,10.0,k=2,,,,
knn,,,1.0,1.0,1.0,1.0,1.0,1.0,1.0,15,polish_bankruptcy,historical,historical500,10.0,k=3,,,,
knn,,,1.0,1.0,1.0,1.0,1.0,1.0,1.0,15,polish_bankruptcy,historical,historical500,10.0,k=4,,,,
knn,,,1.0,1.0,1.0,1.0,1.0,1.0,1.0,15,polish_bankruptcy,historical,historical500,10.0,k=5,,,,
knn,,,1.0,1.0,1.0,1.0,1.0,1.0,1.0,15,polish_bankruptcy,historical,historical500,10.0,k=6,,,,
knn,,,1.0,1.0,1.0,1.0,1.0,1.0,1.0,15,polish_bankruptcy,historical,historical500,10.0,k=7,,,,
knn,,,1.0,1.0,1.0,1.0,1.0,1.0,1.0,15,polish_bankruptcy,historical,historical500,10.0,k=8,,,,
knn,,,1.0,1.0,1.0,1.0,1.0,1.0,1.0,15,polish_bankruptcy,historical,historical500,10.0,k=9,,,,
knn,,,1.0,1.0,1.0,1.0,1.0,1.0,1.0,15,polish_bankruptcy,historical,historical500,10.0,k=10,,,,
knn,,,1.0,1.0,1.0,1.0,1.0,1.0,1.0,15,polish_bankruptcy,historical,historical500,10.0,k=11,,,,
knn,,,1.0,1.0,1.0,1.0,1.0,1.0,1.0,15,polish_bankruptcy,historical,historical500,10.0,k=12,,,,
knn,,,1.0,1.0,1.0,1.0,1.0,1.0,1.0,15,polish_bankruptcy,historical,historical500,10.0,k=13,,,,
knn,,,1.0,1.0,1.0,1.0,1.0,1.0,1.0,15,polish_bankruptcy,historical,historical500,10.0,k=14,,,,
knn,,,1.0,1.0,1.0,1.0,1.0,1.0,1.0,15,polish_bankruptcy,historical,historical500,10.0,k=15,,,,
knn,,,1.0,1.0,1.0,1.0,1.0,1.0,1.0,15,polish_bankruptcy,historical,historical500,10.0,k=16,,,,
knn,,,1.0,1.0,1.0,1.0,1.0,1.0,1.0,15,polish_bankruptcy,historical,historical500,10.0,k=17,,,,
knn,,,1.0,1.0,1.0,1.0,1.0,1.0,1.0,15,polish_bankruptcy,historical,historical500,10.0,k=18,,,,
knn,,,1.0,1.0,1.0,1.0,1.0,1.0,1.0,15,polish_bankruptcy,historical,historical500,10.0,k=19,,,,
knn,,,1.0,1.0,1.0,1.0,1.0,1.0,1.0,15,polish_bankruptcy,historical,historical500,10.0,k=20,,,,
linear_regression,,,1.0,1.0,1.0,1.0,1.0,,,19,polish_bankruptcy,historical,historical500,10.0,default,,,,
logistic,,,1.0,1.0,1.0,1.0,1.0,1.0,1.0,6,polish_bankruptcy,historical,revised,20.0,default,,,,
logistic,,,1.0,1.0,1.0,1.0,1.0,1.0,1.0,11,polish_bankruptcy,historical,revised,20.0,default,24.0,6.0,,
knn,,,1.0,1.0,1.0,1.0,1.0,1.0,1.0,15,polish_bankruptcy,historical,revised,20.0,k=1,,,,
knn,,,1.0,1.0,1.0,1.0,1.0,1.0,1.0,15,polish_bankruptcy,historical,revised,20.0,k=2,,,,
knn,,,1.0,1.0,1.0,1.0,1.0,1.0,1.0,15,polish_bankruptcy,historical,revised,20.0,k=3,,,,
knn,,,1.0,1.0,1.0,1.0,1.0,1.0,1.0,15,polish_bankruptcy,historical,revised,20.0,k=4,,,,
knn,,,1.0,1.0,1.0,1.0,1.0,1.0,1.0,15,polish_bankruptcy,historical,revised,20.0,k=5,,,,
knn,,,0.6666666666666666,0.5,0.0,0.0,0.0,1.0,1.0,15,polish_bankruptcy,historical,revised,20.0,k=6,,,,
knn,,,1.0,1.0,1.0,1.0,1.0,1.0,1.0,15,polish_bankruptcy,historical,revised,20.0,k=7,,,,
knn,,,1.0,1.0,1.0,1.0,1.0,1.0,1.0,15,polish_bankruptcy,historical,revised,20.0,k=8,,,,
linear_regression,,,1.0,1.0,1.0,1.0,1.0,,,19,polish_bankruptcy,historical,revised,20.0,default,,,,
logistic,"{""C"": 0.1}",1.0,0.8636363636363636,0.8636363636363636,0.7857142857142857,1.0,0.88,1.0,1.0,4,polish_bankruptcy,clean,revised,10.0,default,,,,
random_forest,"{""max_depth"": null, ""min_samples_leaf"": 1}",1.0,1.0,1.0,1.0,1.0,1.0,1.0,1.0,4,polish_bankruptcy,clean,revised,10.0,default,,,,
svm,"{""C"": 0.5, ""kernel"": ""linear""}",1.0,0.8636363636363636,0.8636363636363636,0.7857142857142857,1.0,0.88,1.0,1.0,4,polish_bankruptcy,clean,revised,10.0,default,,,,
knn,"{""n_neighbors"": 5, ""weights"": ""distance""}",1.0,0.6818181818181818,0.6818181818181819,0.6111111111111112,1.0,0.7586206896551724,0.731404958677686,0.6490800865800866,4,polish_bankruptcy,clean,revised,10.0,default,,,,
xgb,"{""max_depth"": 3, ""n_estimators"": 100}",0.8333333333333334,1.0,1.0,1.0,1.0,1.0,1.0,1.0,4,polish_bankruptcy,clean,revised,10.0,default,,,,
logistic,,,0.7727272727272727,0.7727272727272727,0.6875,1.0,0.8148148148148148,1.0,1.0,6,polish_bankruptcy,clean,revised,10.0,default,,,,
logistic,,,0.8636363636363636,0.8636363636363636,0.7857142857142857,1.0,0.88,1.0,1.0,11,polish_bankruptcy,clean,revised,10.0,default,24.0,8.0,,
knn,,,0.6818181818181818,0.6818181818181819,0.6111111111111112,1.0,0.7586206896551724,0.6818181818181819,0.6111111111111112,15,polish_bankruptcy,clean,revised,10.0,k=1,,,,
knn,,,0.6818181818181818,0.6818181818181819,0.6111111111111112,1.0,0.7586206896551724,0.6818181818181819,0.6111111111111112,15,polish_bankruptcy,clean,revised,10.0,k=2,,,,
knn,,,0.6363636363636364,0.6363636363636364,0.5789473684210527,1.0,0.7333333333333333,0.7727272727272727,0.6875,15,polish_bankruptcy,clean,revised,10.0,k=3,,,,
knn,,,0.7727272727272727,0.7727272727272727,0.6875,1.0,0.8148148148148148,0.731404958677686,0.6509740259740261,15,polish_bankruptcy,clean,revised,10.0,k=4,,,,
knn,,,0.7727272727272727,0.7727272727272727,0.6875,1.0,0.8148148148148148,0.731404958677686,0.6509740259740261,15,polish_bankruptcy,clean,revised,10.0,k=5,,,,
knn,,,0.6818181818181818,0.6818181818181819,0.6428571428571429,0.8181818181818182,0.72,0.731404958677686,0.6509740259740261,15,polish_bankruptcy,clean,revised,10.0,k=6,,,,
knn,,,0.6818181818181818,0.6818181818181819,0.6428571428571429,0.8181818181818182,0.72,0.731404958677686,0.6509740259740261,15,polish_bankruptcy,clean,revised,10.0,k=7,,,,
knn,,,0.6818181818181818,0.6818181818181819,0.6428571428571429,0.8181818181818182,0.72,0.731404958677686,0.6509740259740261,15,polish_bankruptcy,clean,revised,10.0,k=8,,,,
knn,,,0.7727272727272727,0.7727272727272727,0.6875,1.0,0.8148148148148148,0.731404958677686,0.6509740259740261,15,polish_bankruptcy,clean,revised,10.0,k=9,,,,
knn,,,0.7727272727272727,0.7727272727272727,0.6875,1.0,0.8148148148148148,0.731404958677686,0.6509740259740261,15,polish_bankruptcy,clean,revised,10.0,k=10,,,,
knn,,,0.7727272727272727,0.7727272727272727,0.6875,1.0,0.8148148148148148,0.731404958677686,0.6509740259740261,15,polish_bankruptcy,clean,revised,10.0,k=11,,,,
knn,,,0.7727272727272727,0.7727272727272727,0.6875,1.0,0.8148148148148148,0.731404958677686,0.6490800865800866,15,polish_bankruptcy,clean,revised,10.0,k=12,,,,
knn,,,0.7727272727272727,0.7727272727272727,0.6875,1.0,0.8148148148148148,0.731404958677686,0.6509740259740261,15,polish_bankruptcy,clean,revised,10.0,k=13,,,,
knn,,,0.7727272727272727,0.7727272727272727,0.6875,1.0,0.8148148148148148,0.7727272727272727,0.6875,15,polish_bankruptcy,clean,revised,10.0,k=14,,,,
knn,,,0.7727272727272727,0.7727272727272727,0.6875,1.0,0.8148148148148148,0.7727272727272727,0.6875,15,polish_bankruptcy,clean,revised,10.0,k=15,,,,
knn,,,0.7727272727272727,0.7727272727272727,0.6875,1.0,0.8148148148148148,0.7727272727272727,0.6875,15,polish_bankruptcy,clean,revised,10.0,k=16,,,,
knn,,,0.7727272727272727,0.7727272727272727,0.6875,1.0,0.8148148148148148,0.7727272727272727,0.6875,15,polish_bankruptcy,clean,revised,10.0,k=17,,,,
knn,,,0.5,0.5,0.0,0.0,0.0,0.6818181818181819,0.6111111111111112,15,polish_bankruptcy,clean,revised,10.0,k=18,,,,
knn,,,0.5,0.5,0.0,0.0,0.0,0.6363636363636364,0.5789473684210527,15,polish_bankruptcy,clean,revised,10.0,k=19,,,,
knn,,,0.5,0.5,0.0,0.0,0.0,0.5,0.5,15,polish_bankruptcy,clean,revised,10.0,k=20,,,,
linear_regression,,,1.0,1.0,1.0,1.0,1.0,,,19,polish_bankruptcy,clean,revised,10.0,default,,,,
logistic,,,0.8333333333333334,0.8333333333333333,0.75,1.0,0.8571428571428571,1.0,1.0,6,polish_bankruptcy,clean,revised,20.0,default,,,,
logistic,,,0.8333333333333334,0.8333333333333333,0.75,1.0,0.8571428571428571,1.0,1.0,11,polish_bankruptcy,clean,revised,20.0,default,24.0,7.0,,
knn,,,0.75,0.75,0.6666666666666666,1.0,0.8,0.75,0.6666666666666666,15,polish_bankruptcy,clean,revised,20.0,k=1,,,,
knn,,,0.9166666666666666,0.9166666666666669,0.8571428571428571,1.0,0.9230769230769232,0.9166666666666669,0.8571428571428571,15,polish_bankruptcy,clean,revised,20.0,k=2,,,,
knn,,,0.8333333333333334,0.8333333333333333,0.75,1.0,0.8571428571428571,0.9166666666666666,0.8571428571428571,15,polish_bankruptcy,clean,revised,20.0,k=3,,,,
knn,,,0.8333333333333334,0.8333333333333333,0.75,1.0,0.8571428571428571,0.9166666666666666,0.8571428571428571,15,polish_bankruptcy,clean,revised,20.0,k=4,,,,
knn,,,0.8333333333333334,0.8333333333333333,0.75,1.0,0.8571428571428571,0.9166666666666669,0.8571428571428571,15,polish_bankruptcy,clean,revised,20.0,k=5,,,,
knn,,,0.8333333333333334,0.8333333333333333,0.75,1.0,0.8571428571428571,0.8333333333333334,0.75,15,polish_bankruptcy,clean,revised,20.0,k=6,,,,
knn,,,0.8333333333333334,0.8333333333333333,0.75,1.0,0.8571428571428571,0.8333333333333333,0.75,15,polish_bankruptcy,clean,revised,20.0,k=7,,,,
knn,,,0.8333333333333334,0.8333333333333333,0.75,1.0,0.8571428571428571,0.8333333333333334,0.75,15,polish_bankruptcy,clean,revised,20.0,k=8,,,,
knn,,,0.8333333333333334,0.8333333333333333,0.75,1.0,0.8571428571428571,0.8333333333333334,0.75,15,polish_bankruptcy,clean,revised,20.0,k=9,,,,
knn,,,0.5,0.5,0.0,0.0,0.0,0.75,0.6666666666666666,15,polish_bankruptcy,clean,revised,20.0,k=10,,,,
knn,,,0.8333333333333334,0.8333333333333333,0.75,1.0,0.8571428571428571,0.8333333333333334,0.75,15,polish_bankruptcy,clean,revised,20.0,k=11,,,,
linear_regression,,,1.0,1.0,1.0,1.0,1.0,,,19,polish_bankruptcy,clean,revised,20.0,default,,,,
logistic,"{""C"": 0.1}",1.0,1.0,1.0,1.0,1.0,1.0,1.0,1.0,4,taiwan_bankruptcy,historical,revised,10.0,default,,,,
random_forest,"{""max_depth"": null, ""min_samples_leaf"": 1}",1.0,1.0,1.0,1.0,1.0,1.0,1.0,1.0,4,taiwan_bankruptcy,historical,revised,10.0,default,,,,
svm,"{""C"": 0.5, ""kernel"": ""linear""}",1.0,1.0,1.0,1.0,1.0,1.0,1.0,1.0,4,taiwan_bankruptcy,historical,revised,10.0,default,,,,
knn,"{""n_neighbors"": 5, ""weights"": ""uniform""}",1.0,1.0,1.0,1.0,1.0,1.0,1.0,1.0,4,taiwan_bankruptcy,historical,revised,10.0,default,,,,
xgb,"{""max_depth"": 3, ""n_estimators"": 100}",0.9333333333333332,0.8,0.75,1.0,0.5,0.6666666666666666,1.0,1.0,4,taiwan_bankruptcy,historical,revised,10.0,default,,,,
logistic,,,1.0,1.0,1.0,1.0,1.0,1.0,1.0,6,taiwan_bankruptcy,historical,revised,10.0,default,,,,
logistic,,,1.0,1.0,1.0,1.0,1.0,1.0,1.0,11,taiwan_bankruptcy,historical,revised,10.0,default,24.0,7.0,,
knn,,,1.0,1.0,1.0,1.0,1.0,1.0,1.0,15,taiwan_bankruptcy,historical,revised,10.0,k=1,,,,
knn,,,1.0,1.0,1.0,1.0,1.0,1.0,1.0,15,taiwan_bankruptcy,historical,revised,10.0,k=2,,,,
knn,,,1.0,1.0,1.0,1.0,1.0,1.0,1.0,15,taiwan_bankruptcy,historical,revised,10.0,k=3,,,,
knn,,,1.0,1.0,1.0,1.0,1.0,1.0,1.0,15,taiwan_bankruptcy,historical,revised,10.0,k=4,,,,
knn,,,1.0,1.0,1.0,1.0,1.0,1.0,1.0,15,taiwan_bankruptcy,historical,revised,10.0,k=5,,,,
knn,,,1.0,1.0,1.0,1.0,1.0,1.0,1.0,15,taiwan_bankruptcy,historical,revised,10.0,k=6,,,,
knn,,,1.0,1.0,1.0,1.0,1.0,1.0,1.0,15,taiwan_bankruptcy,historical,revised,10.0,k=7,,,,
knn,,,1.0,1.0,1.0,1.0,1.0,1.0,1.0,15,taiwan_bankruptcy,historical,revised,10.0,k=8,,,,
knn,,,1.0,1.0,1.0,1.0,1.0,1.0,1.0,15,taiwan_bankruptcy,historical,revised,10.0,k=9,,,,
knn,,,1.0,1.0,1.0,1.0,1.0,1.0,1.0,15,taiwan_bankruptcy,historical,revised,10.0,k=10,,,,
knn,,,1.0,1.0,1.0,1.0,1.0,1.0,1.0,15,taiwan_bankruptcy,historical,revised,10.0,k=11,,,,
knn,,,1.0,1.0,1.0,1.0,1.0,1.0,1.0,15,taiwan_bankruptcy,historical,revised,10.0,k=12,,,,
knn,,,1.0,1.0,1.0,1.0,1.0,1.0,1.0,15,taiwan_bankruptcy,historical,revised,10.0,k=13,,,,
knn,,,1.0,1.0,1.0,1.0,1.0,1.0,1.0,15,taiwan_bankruptcy,historical,revised,10.0,k=14,,,,
knn,,,1.0,1.0,1.0,1.0,1.0,1.0,1.0,15,taiwan_bankruptcy,historical,revised,10.0,k=15,,,,
knn,,,1.0,1.0,1.0,1.0,1.0,1.0,1.0,15,taiwan_bankruptcy,historical,revised,10.0,k=16,,,,
linear_regression,,,0.8,0.75,1.0,0.5,0.6666666666666666,,,19,taiwan_bankruptcy,historical,revised,10.0,default,,,,
logistic,,,1.0,1.0,1.0,1.0,1.0,1.0,1.0,6,taiwan_bankruptcy,historical,revised,20.0,default,,,,
logistic,,,1.0,1.0,1.0,1.0,1.0,1.0,1.0,11,taiwan_bankruptcy,historical,revised,20.0,default,24.0,7.0,,
knn,,,1.0,1.0,1.0,1.0,1.0,1.0,1.0,15,taiwan_bankruptcy,historical,revised,20.0,k=1,,,,
knn,,,1.0,1.0,1.0,1.0,1.0,1.0,1.0,15,taiwan_bankruptcy,historical,revised,20.0,k=2,,,,
knn,,,1.0,1.0,1.0,1.0,1.0,1.0,1.0,15,taiwan_bankruptcy,historical,revised,20.0,k=3,,,,
knn,,,1.0,1.0,1.0,1.0,1.0,1.0,1.0,15,taiwan_bankruptcy,historical,revised,20.0,k=4,,,,
knn,,,1.0,1.0,1.0,1.0,1.0,1.0,1.0,15,taiwan_bankruptcy,historical,revised,20.0,k=5,,,,
knn,,,1.0,1.0,1.0,1.0,1.0,1.0,1.0,15,taiwan_bankruptcy,historical,revised,20.0,k=6,,,,
knn,,,1.0,1.0,1.0,1.0,1.0,1.0,1.0,15,taiwan_bankruptcy,historical,revised,20.0,k=7,,,,
knn,,,1.0,1.0,1.0,1.0,1.0,1.0,1.0,15,taiwan_bankruptcy,historical,revised,20.0,k=8,,,,
linear_regression,,,1.0,1.0,1.0,1.0,1.0,,,19,taiwan_bankruptcy,historical,revised,20.0,default,,,,
logistic,"{""C"": 0.1}",1.0,1.0,1.0,1.0,1.0,1.0,1.0,1.0,4,taiwan_bankruptcy,clean,revised,10.0,default,,,,
random_forest,"{""max_depth"": null, ""min_samples_leaf"": 1}",1.0,1.0,1.0,1.0,1.0,1.0,1.0,1.0,4,taiwan_bankruptcy,clean,revised,10.0,default,,,,
svm,"{""C"": 0.5, ""kernel"": ""linear""}",1.0,1.0,1.0,1.0,1.0,1.0,1.0,1.0,4,taiwan_bankruptcy,clean,revised,10.0,default,,,,
knn,"{""n_neighbors"": 5, ""weights"": ""uniform""}",1.0,1.0,1.0,1.0,1.0,1.0,1.0,1.0,4,taiwan_bankruptcy,clean,revised,10.0,default,,,,
xgb,"{""max_depth"": 3, ""n_estimators"": 100}",0.9523809523809524,0.9545454545454546,0.9545454545454546,1.0,0.9090909090909092,0.9523809523809524,0.9917355371900828,0.9924242424242424,4,taiwan_bankruptcy,clean,revised,10.0,default,,,,
logistic,,,1.0,1.0,1.0,1.0,1.0,1.0,1.0,6,taiwan_bankruptcy,clean,revised,10.0,default,,,,
logistic,,,1.0,1.0,1.0,1.0,1.0,1.0,1.0,11,taiwan_bankruptcy,clean,revised,10.0,default,24.0,11.0,,
knn,,,1.0,1.0,1.0,1.0,1.0,1.0,1.0,15,taiwan_bankruptcy,clean,revised,10.0,k=1,,,,
knn,,,1.0,1.0,1.0,1.0,1.0,1.0,1.0,15,taiwan_bankruptcy,clean,revised,10.0,k=2,,,,
knn,,,1.0,1.0,1.0,1.0,1.0,1.0,1.0,15,taiwan_bankruptcy,clean,revised,10.0,k=3,,,,
knn,,,1.0,1.0,1.0,1.0,1.0,1.0,1.0,15,taiwan_bankruptcy,clean,revised,10.0,k=4,,,,
knn,,,1.0,1.0,1.0,1.0,1.0,1.0,1.0,15,taiwan_bankruptcy,clean,revised,10.0,k=5,,,,
knn,,,1.0,1.0,1.0,1.0,1.0,1.0,1.0,15,taiwan_bankruptcy,clean,revised,10.0,k=6,,,,
knn,,,1.0,1.0,1.0,1.0,1.0,1.0,1.0,15,taiwan_bankruptcy,clean,revised,10.0,k=7,,,,
knn,,,1.0,1.0,1.0,1.0,1.0,1.0,1.0,15,taiwan_bankruptcy,clean,revised,10.0,k=8,,,,
knn,,,1.0,1.0,1.0,1.0,1.0,1.0,1.0,15,taiwan_bankruptcy,clean,revised,10.0,k=9,,,,
knn,,,0.9545454545454546,0.9545454545454546,1.0,0.9090909090909092,0.9523809523809524,1.0,1.0,15,taiwan_bankruptcy,clean,revised,10.0,k=10,,,,
knn,,,0.9545454545454546,0.9545454545454546,1.0,0.9090909090909092,0.9523809523809524,1.0,1.0,15,taiwan_bankruptcy,clean,revised,10.0,k=11,,,,
knn,,,0.9090909090909092,0.9090909090909092,1.0,0.8181818181818182,0.9,1.0,1.0,15,taiwan_bankruptcy,clean,revised,10.0,k=12,,,,
knn,,,0.9545454545454546,0.9545454545454546,1.0,0.9090909090909092,0.9523809523809524,1.0,1.0,15,taiwan_bankruptcy,clean,revised,10.0,k=13,,,,
knn,,,0.8636363636363636,0.8636363636363636,1.0,0.7272727272727273,0.8421052631578947,1.0,1.0,15,taiwan_bankruptcy,clean,revised,10.0,k=14,,,,
knn,,,0.9545454545454546,0.9545454545454546,1.0,0.9090909090909092,0.9523809523809524,1.0,1.0,15,taiwan_bankruptcy,clean,revised,10.0,k=15,,,,
knn,,,0.7727272727272727,0.7727272727272727,1.0,0.5454545454545454,0.7058823529411765,1.0,1.0,15,taiwan_bankruptcy,clean,revised,10.0,k=16,,,,
knn,,,0.8181818181818182,0.8181818181818181,1.0,0.6363636363636364,0.7777777777777778,1.0,1.0,15,taiwan_bankruptcy,clean,revised,10.0,k=17,,,,
knn,,,0.5454545454545454,0.5454545454545454,1.0,0.0909090909090909,0.1666666666666666,1.0,1.0,15,taiwan_bankruptcy,clean,revised,10.0,k=18,,,,
knn,,,0.5454545454545454,0.5454545454545454,1.0,0.0909090909090909,0.1666666666666666,1.0,1.0,15,taiwan_bankruptcy,clean,revised,10.0,k=19,,,,
knn,,,0.5454545454545454,0.5454545454545454,1.0,0.0909090909090909,0.1666666666666666,0.5454545454545454,0.5454545454545454,15,taiwan_bankruptcy,clean,revised,10.0,k=20,,,,
linear_regression,,,1.0,1.0,1.0,1.0,1.0,,,19,taiwan_bankruptcy,clean,revised,10.0,default,,,,
logistic,,,1.0,1.0,1.0,1.0,1.0,1.0,1.0,6,taiwan_bankruptcy,clean,revised,20.0,default,,,,
logistic,,,1.0,1.0,1.0,1.0,1.0,1.0,1.0,11,taiwan_bankruptcy,clean,revised,20.0,default,24.0,7.0,,
knn,,,1.0,1.0,1.0,1.0,1.0,1.0,1.0,15,taiwan_bankruptcy,clean,revised,20.0,k=1,,,,
knn,,,1.0,1.0,1.0,1.0,1.0,1.0,1.0,15,taiwan_bankruptcy,clean,revised,20.0,k=2,,,,
knn,,,1.0,1.0,1.0,1.0,1.0,1.0,1.0,15,taiwan_bankruptcy,clean,revised,20.0,k=3,,,,
knn,,,1.0,1.0,1.0,1.0,1.0,1.0,1.0,15,taiwan_bankruptcy,clean,revised,20.0,k=4,,,,
knn,,,1.0,1.0,1.0,1.0,1.0,1.0,1.0,15,taiwan_bankruptcy,clean,revised,20.0,k=5,,,,
knn,,,1.0,1.0,1.0,1.0,1.0,1.0,1.0,15,taiwan_bankruptcy,clean,revised,20.0,k=6,,,,
knn,,,1.0,1.0,1.0,1.0,1.0,1.0,1.0,15,taiwan_bankruptcy,clean,revised,20.0,k=7,,,,
knn,,,1.0,1.0,1.0,1.0,1.0,1.0,1.0,15,taiwan_bankruptcy,clean,revised,20.0,k=8,,,,
knn,,,1.0,1.0,1.0,1.0,1.0,1.0,1.0,15,taiwan_bankruptcy,clean,revised,20.0,k=9,,,,
knn,,,1.0,1.0,1.0,1.0,1.0,1.0,1.0,15,taiwan_bankruptcy,clean,revised,20.0,k=10,,,,
knn,,,1.0,1.0,1.0,1.0,1.0,1.0,1.0,15,taiwan_bankruptcy,clean,revised,20.0,k=11,,,,
linear_regression,,,1.0,1.0,1.0,1.0,1.0,,,19,taiwan_bankruptcy,clean,revised,20.0,default,,,,
logistic,,,1.0,1.0,1.0,1.0,1.0,1.0,1.0,6,south_german_credit,historical,revised,10.0,default,,,,
logistic,,,1.0,1.0,1.0,1.0,1.0,1.0,1.0,11,south_german_credit,historical,revised,10.0,default,24.0,8.0,,
knn,,,1.0,1.0,1.0,1.0,1.0,1.0,1.0,15,south_german_credit,historical,revised,10.0,k=1,,,,
knn,,,1.0,1.0,1.0,1.0,1.0,1.0,1.0,15,south_german_credit,historical,revised,10.0,k=2,,,,
knn,,,1.0,1.0,1.0,1.0,1.0,1.0,1.0,15,south_german_credit,historical,revised,10.0,k=3,,,,
knn,,,1.0,1.0,1.0,1.0,1.0,1.0,1.0,15,south_german_credit,historical,revised,10.0,k=4,,,,
knn,,,1.0,1.0,1.0,1.0,1.0,1.0,1.0,15,south_german_credit,historical,revised,10.0,k=5,,,,
knn,,,1.0,1.0,1.0,1.0,1.0,1.0,1.0,15,south_german_credit,historical,revised,10.0,k=6,,,,
knn,,,1.0,1.0,1.0,1.0,1.0,1.0,1.0,15,south_german_credit,historical,revised,10.0,k=7,,,,
knn,,,1.0,1.0,1.0,1.0,1.0,1.0,1.0,15,south_german_credit,historical,revised,10.0,k=8,,,,
knn,,,1.0,1.0,1.0,1.0,1.0,1.0,1.0,15,south_german_credit,historical,revised,10.0,k=9,,,,
knn,,,1.0,1.0,1.0,1.0,1.0,1.0,1.0,15,south_german_credit,historical,revised,10.0,k=10,,,,
knn,,,1.0,1.0,1.0,1.0,1.0,1.0,1.0,15,south_german_credit,historical,revised,10.0,k=11,,,,
knn,,,0.5,0.5,0.0,0.0,0.0,1.0,1.0,15,south_german_credit,historical,revised,10.0,k=12,,,,
knn,,,0.75,0.75,1.0,0.5,0.6666666666666666,1.0,1.0,15,south_german_credit,historical,revised,10.0,k=13,,,,
knn,,,0.75,0.75,1.0,0.5,0.6666666666666666,1.0,1.0,15,south_german_credit,historical,revised,10.0,k=14,,,,
knn,,,1.0,1.0,1.0,1.0,1.0,1.0,1.0,15,south_german_credit,historical,revised,10.0,k=15,,,,
linear_regression,,,0.5,0.5,0.5,0.5,0.5,,,19,south_german_credit,historical,revised,10.0,default,,,,
logistic,"{""C"": 1.0}",0.9719884982965667,0.98,0.98,0.98,0.98,0.98,0.9985,0.998601549475336,4,south_german_credit,historical,historical500,10.0,default,,,,
random_forest,"{""max_depth"": null, ""min_samples_leaf"": 1}",0.9630104149995856,0.96,0.96,0.9693877551020408,0.95,0.9595959595959596,0.99655,0.9967112016035172,4,south_german_credit,historical,historical500,10.0,default,,,,
svm,"{""C"": 0.5, ""kernel"": ""linear""}",0.9683683586836676,0.98,0.98,0.98,0.98,0.98,0.9985,0.9985743658210948,4,south_german_credit,historical,historical500,10.0,default,,,,
knn,"{""n_neighbors"": 5, ""weights"": ""distance""}",0.949351069226099,0.96,0.96,0.9791666666666666,0.94,0.9591836734693876,0.9967,0.9968171055640296,4,south_german_credit,historical,historical500,10.0,default,,,,
xgb,"{""max_depth"": 5, ""n_estimators"": 200}",0.9595607309192844,0.965,0.965,0.9696969696969696,0.96,0.964824120603015,0.9979,0.9979369963428776,4,south_german_credit,historical,historical500,10.0,default,,,,
logistic,,,0.95,0.95,0.9591836734693876,0.94,0.9494949494949496,0.9871,0.9888732382738606,6,south_german_credit,historical,historical500,10.0,default,,,,
logistic,,,0.985,0.985,0.98989898989899,0.98,0.984924623115578,0.9988,0.998909009009009,11,south_german_credit,historical,historical500,10.0,default,24.0,10.0,,
knn,,,0.95,0.95,0.9591836734693876,0.94,0.9494949494949496,0.95,0.9316326530612244,15,south_german_credit,historical,historical500,10.0,k=1,,,,
knn,,,0.95,0.95,0.9891304347826086,0.91,0.9479166666666666,0.97745,0.9716135500211058,15,south_german_credit,historical,historical500,10.0,k=2,,,,
knn,,,0.955,0.955,0.9789473684210528,0.93,0.953846153846154,0.98635,0.9851929824561404,15,south_german_credit,historical,historical500,10.0,k=3,,,,
knn,,,0.945,0.945,1.0,0.89,0.9417989417989416,0.99565,0.9935716905023836,15,south_german_credit,historical,historical500,10.0,k=4,,,,
knn,,,0.96,0.96,0.9791666666666666,0.94,0.9591836734693876,0.996,0.9946654820298544,15,south_german_credit,historical,historical500,10.0,k=5,,,,
knn,,,0.95,0.95,0.9787234042553192,0.92,0.9484536082474226,0.995,0.9935913126231825,15,south_german_credit,historical,historical500,10.0,k=6,,,,
knn,,,0.955,0.955,0.9789473684210528,0.93,0.953846153846154,0.99565,0.9943656623734024,15,south_german_credit,historical,historical500,10.0,k=7,,,,
knn,,,0.95,0.95,0.9787234042553192,0.92,0.9484536082474226,0.9948,0.9933652427587706,15,south_german_credit,historical,historical500,10.0,k=8,,,,
knn,,,0.96,0.96,0.9693877551020408,0.95,0.9595959595959596,0.99515,0.9937739381087732,15,south_german_credit,historical,historical500,10.0,k=9,,,,
knn,,,0.95,0.95,0.96875,0.93,0.9489795918367347,0.996,0.9951445488057388,15,south_german_credit,historical,historical500,10.0,k=10,,,,
knn,,,0.95,0.95,0.96875,0.93,0.9489795918367347,0.99595,0.9952852736629584,15,south_german_credit,historical,historical500,10.0,k=11,,,,
knn,,,0.955,0.955,0.9789473684210528,0.93,0.953846153846154,0.9958,0.9950874499296498,15,south_german_credit,historical,historical500,10.0,k=12,,,,
knn,,,0.96,0.96,0.9693877551020408,0.95,0.9595959595959596,0.9956,0.9948363252390996,15,south_german_credit,historical,historical500,10.0,k=13,,,,
knn,,,0.965,0.965,0.979381443298969,0.95,0.964467005076142,0.99535,0.994492161548372,15,south_german_credit,historical,historical500,10.0,k=14,,,,
knn,,,0.96,0.96,0.9693877551020408,0.95,0.9595959595959596,0.99555,0.9948288526160308,15,south_german_credit,historical,historical500,10.0,k=15,,,,
knn,,,0.96,0.96,0.9693877551020408,0.95,0.9595959595959596,0.9951,0.9945111150982132,15,south_german_credit,historical,historical500,10.0,k=16,,,,
knn,,,0.96,0.96,0.9693877551020408,0.95,0.9595959595959596,0.9951,0.9945080847951828,15,south_german_credit,historical,historical500,10.0,k=17,,,,
knn,,,0.96,0.96,0.9693877551020408,0.95,0.9595959595959596,0.99475,0.9942224876172128,15,south_german_credit,historical,historical500,10.0,k=18,,,,
knn,,,0.965,0.965,0.9696969696969696,0.96,0.964824120603015,0.9945499999999998,0.994120257012348,15,south_german_credit,historical,historical500,10.0,k=19,,,,
knn,,,0.96,0.96,0.9693877551020408,0.95,0.9595959595959596,0.9942,0.9937057273853216,15,south_german_credit,historical,historical500,10.0,k=20,,,,
linear_regression,,,0.97,0.97,0.979591836734694,0.96,0.9696969696969696,,,19,south_german_credit,historical,historical500,10.0,default,,,,
logistic,,,0.5,0.5,0.0,0.0,0.0,1.0,1.0,6,south_german_credit,historical,revised,20.0,default,,,,
logistic,,,0.5,0.5,0.0,0.0,0.0,1.0,1.0,11,south_german_credit,historical,revised,20.0,default,24.0,9.0,,
knn,,,0.5,0.5,0.0,0.0,0.0,0.5,0.5,15,south_german_credit,historical,revised,20.0,k=1,,,,
knn,,,0.5,0.5,0.0,0.0,0.0,0.0,0.5,15,south_german_credit,historical,revised,20.0,k=2,,,,
knn,,,0.5,0.5,0.0,0.0,0.0,0.0,0.5,15,south_german_credit,historical,revised,20.0,k=3,,,,
knn,,,0.5,0.5,0.0,0.0,0.0,0.5,0.5,15,south_german_credit,historical,revised,20.0,k=4,,,,
knn,,,0.5,0.5,0.0,0.0,0.0,1.0,1.0,15,south_german_credit,historical,revised,20.0,k=5,,,,
knn,,,0.5,0.5,0.0,0.0,0.0,1.0,1.0,15,south_german_credit,historical,revised,20.0,k=6,,,,
knn,,,1.0,1.0,1.0,1.0,1.0,1.0,1.0,15,south_german_credit,historical,revised,20.0,k=7,,,,
linear_regression,,,1.0,1.0,1.0,1.0,1.0,,,19,south_german_credit,historical,revised,20.0,default,,,,
logistic,"{""C"": 1.0}",0.9847514785098024,1.0,1.0,1.0,1.0,1.0,1.0,1.0,4,south_german_credit,historical,historical500,20.0,default,,,,
random_forest,"{""max_depth"": null, ""min_samples_leaf"": 1}",0.9824526961135496,0.99,0.99,0.99,0.99,0.99,0.9997,0.9996999799979998,4,south_german_credit,historical,historical500,20.0,default,,,,
svm,"{""C"": 0.5, ""kernel"": ""linear""}",0.9834841592683023,1.0,1.0,1.0,1.0,1.0,1.0,1.0,4,south_german_credit,historical,historical500,20.0,default,,,,
knn,"{""n_neighbors"": 5, ""weights"": ""uniform""}",0.9757141464365798,0.985,0.985,1.0,0.97,0.9847715736040608,0.9994,0.9992174757281552,4,south_german_credit,historical,historical500,20.0,default,,,,
xgb,"{""max_depth"": 5, ""n_estimators"": 200}",0.9861336218116952,0.995,0.995,0.99009900990099,1.0,0.9950248756218906,0.9999,0.99990099009901,4,south_german_credit,historical,historical500,20.0,default,,,,
logistic,,,0.98,0.98,0.9897959183673468,0.97,0.9797979797979798,0.9977,0.997819275510892,6,south_german_credit,historical,historical500,20.0,default,,,,
logistic,,,1.0,1.0,1.0,1.0,1.0,1.0,1.0,11,south_german_credit,historical,historical500,20.0,default,24.0,11.0,,
knn,,,0.985,0.985,0.98989898989899,0.98,0.984924623115578,0.985,0.98010101010101,15,south_german_credit,historical,historical500,20.0,k=1,,,,
knn,,,0.98,0.98,1.0,0.96,0.979591836734694,0.9996,0.99921568627451,15,south_german_credit,historical,historical500,20.0,k=2,,,,
knn,,,0.985,0.985,1.0,0.97,0.9847715736040608,0.99955,0.999126213592233,15,south_german_credit,historical,historical500,20.0,k=3,,,,
knn,,,0.975,0.975,1.0,0.95,0.9743589743589745,0.9997,0.9994174757281552,15,south_german_credit,historical,historical500,20.0,k=4,,,,
knn,,,0.985,0.985,1.0,0.97,0.9847715736040608,0.9994,0.9992174757281552,15,south_german_credit,historical,historical500,20.0,k=5,,,,
knn,,,0.98,0.98,1.0,0.96,0.979591836734694,0.9993,0.9990307692307692,15,south_german_credit,historical,historical500,20.0,k=6,,,,
knn,,,0.98,0.98,1.0,0.96,0.979591836734694,0.99945,0.9991277699198492,15,south_german_credit,historical,historical500,20.0,k=7,,,,
knn,,,0.98,0.98,1.0,0.96,0.979591836734694,0.99965,0.9995238095238096,15,south_german_credit,historical,historical500,20.0,k=8,,,,
knn,,,0.98,0.98,1.0,0.96,0.979591836734694,0.9996,0.9995238095238096,15,south_german_credit,historical,historical500,20.0,k=9,,,,
knn,,,0.98,0.98,1.0,0.96,0.979591836734694,0.9996,0.9994173648134044,15,south_german_credit,historical,historical500,20.0,k=10,,,,
knn,,,0.985,0.985,1.0,0.97,0.9847715736040608,0.9997,0.9996153846153846,15,south_german_credit,historical,historical500,20.0,k=11,,,,
knn,,,0.98,0.98,1.0,0.96,0.979591836734694,0.99985,0.9997087378640775,15,south_german_credit,historical,historical500,20.0,k=12,,,,
knn,,,0.985,0.985,1.0,0.97,0.9847715736040608,0.9998,0.9996153846153846,15,south_german_credit,historical,historical500,20.0,k=13,,,,
knn,,,0.985,0.985,1.0,0.97,0.9847715736040608,0.9998,0.9996153846153846,15,south_german_credit,historical,historical500,20.0,k=14,,,,
knn,,,0.985,0.985,1.0,0.97,0.9847715736040608,0.9998,0.9996153846153846,15,south_german_credit,historical,historical500,20.0,k=15,,,,
knn,,,0.985,0.985,1.0,0.97,0.9847715736040608,0.9998,0.9996153846153846,15,south_german_credit,historical,historical500,20.0,k=16,,,,
knn,,,0.985,0.985,1.0,0.97,0.9847715736040608,1.0,1.0,15,south_german_credit,historical,historical500,20.0,k=17,,,,
knn,,,0.985,0.985,1.0,0.97,0.9847715736040608,1.0,1.0,15,south_german_credit,historical,historical500,20.0,k=18,,,,
knn,,,0.985,0.985,1.0,0.97,0.9847715736040608,1.0,1.0,15,south_german_credit,historical,historical500,20.0,k=19,,,,
knn,,,0.98,0.98,1.0,0.96,0.979591836734694,0.99985,0.9997029702970296,15,south_german_credit,historical,historical500,20.0,k=20,,,,
linear_regression,,,0.995,0.995,1.0,0.99,0.9949748743718592,,,19,south_german_credit,historical,historical500,20.0,default,,,,
logistic,"{""C"": 0.1}",0.8962962962962964,0.25,0.25,0.3333333333333333,0.5,0.4,0.4,0.6538226694186446,4,south_german_credit,clean,revised,10.0,default,,,,
random_forest,"{""max_depth"": null, ""min_samples_leaf"": 5}",0.9047619047619048,0.5,0.5,0.5,1.0,0.6666666666666666,0.46,0.7026315789473685,4,south_german_credit,clean,revised,10.0,default,,,,
svm,"{""C"": 2.0, ""kernel"": ""rbf""}",0.8518518518518517,0.5,0.5,0.5,1.0,0.6666666666666666,0.4,0.6538226694186446,4,south_german_credit,clean,revised,10.0,default,,,,
knn,"{""n_neighbors"": 5, ""weights"": ""distance""}",0.9333333333333332,0.5,0.5,0.5,1.0,0.6666666666666666,0.2,0.3681083837043589,4,south_german_credit,clean,revised,10.0,default,,,,
xgb,"{""max_depth"": 3, ""n_estimators"": 100}",0.8412698412698413,0.5,0.5,0.5,1.0,0.6666666666666666,0.44,0.6357894736842106,4,south_german_credit,clean,revised,10.0,default,,,,
logistic,,,0.5,0.5,0.5,1.0,0.6666666666666666,1.0,1.0,6,south_german_credit,clean,revised,10.0,default,,,,
logistic,,,0.35,0.35,0.4117647058823529,0.7,0.5185185185185185,0.4,0.6538226694186446,11,south_german_credit,clean,revised,10.0,default,24.0,12.0,,
knn,,,0.5,0.5,0.5,1.0,0.6666666666666666,0.5,0.5,15,south_german_credit,clean,revised,10.0,k=1,,,,
knn,,,0.5,0.5,0.5,1.0,0.6666666666666666,0.5,0.5,15,south_german_credit,clean,revised,10.0,k=2,,,,
knn,,,0.5,0.5,0.5,1.0,0.6666666666666666,0.5,0.5,15,south_german_credit,clean,revised,10.0,k=3,,,,
knn,,,0.5,0.5,0.5,1.0,0.6666666666666666,0.5,0.5,15,south_german_credit,clean,revised,10.0,k=4,,,,
knn,,,0.5,0.5,0.5,1.0,0.6666666666666666,0.2,0.4142857142857142,15,south_german_credit,clean,revised,10.0,k=5,,,,
knn,,,0.5,0.5,0.5,1.0,0.6666666666666666,0.2,0.4142857142857142,15,south_german_credit,clean,revised,10.0,k=6,,,,
knn,,,0.5,0.5,0.5,1.0,0.6666666666666666,0.2,0.4142857142857142,15,south_german_credit,clean,revised,10.0,k=7,,,,
knn,,,0.35,0.35,0.4117647058823529,0.7,0.5185185185185185,0.2,0.3878151260504201,15,south_german_credit,clean,revised,10.0,k=8,,,,
knn,,,0.45,0.45,0.4736842105263157,0.9,0.6206896551724138,0.28,0.4328070175438596,15,south_german_credit,clean,revised,10.0,k=9,,,,
knn,,,0.35,0.35,0.4117647058823529,0.7,0.5185185185185185,0.275,0.4326203208556149,15,south_german_credit,clean,revised,10.0,k=10,,,,
knn,,,0.5,0.5,0.5,1.0,0.6666666666666666,0.1699999999999999,0.4057142857142857,15,south_german_credit,clean,revised,10.0,k=11,,,,
knn,,,0.5,0.5,0.5,1.0,0.6666666666666666,0.32,0.5,15,south_german_credit,clean,revised,10.0,k=12,,,,
knn,,,0.5,0.5,0.5,1.0,0.6666666666666666,0.24,0.4068627450980392,15,south_german_credit,clean,revised,10.0,k=13,,,,
knn,,,0.35,0.35,0.4117647058823529,0.7,0.5185185185185185,0.225,0.388763197586727,15,south_german_credit,clean,revised,10.0,k=14,,,,
knn,,,0.5,0.5,0.5,1.0,0.6666666666666666,0.2,0.3976190476190476,15,south_german_credit,clean,revised,10.0,k=15,,,,
knn,,,0.5,0.5,0.5,1.0,0.6666666666666666,0.2,0.4142857142857142,15,south_german_credit,clean,revised,10.0,k=16,,,,
knn,,,0.5,0.5,0.5,1.0,0.6666666666666666,0.2,0.4142857142857142,15,south_german_credit,clean,revised,10.0,k=17,,,,
knn,,,0.2,0.2,0.2857142857142857,0.4,0.3333333333333333,0.2,0.4142857142857142,15,south_german_credit,clean,revised,10.0,k=18,,,,
knn,,,0.2,0.2,0.2857142857142857,0.4,0.3333333333333333,0.2,0.4142857142857142,15,south_german_credit,clean,revised,10.0,k=19,,,,
linear_regression,,,0.55,0.55,0.5263157894736842,1.0,0.6896551724137931,,,19,south_german_credit,clean,revised,10.0,default,,,,
logistic,"{""C"": 10.0}",0.9668018390816696,0.46,0.46,0.4782608695652174,0.88,0.6197183098591549,0.43596,0.5603999387230443,4,south_german_credit,clean,historical500,10.0,default,,,,
random_forest,"{""max_depth"": null, ""min_samples_leaf"": 1}",0.9523549495771718,0.5,0.5,0.5,1.0,0.6666666666666666,0.483068,0.4936566418233428,4,south_german_credit,clean,historical500,10.0,default,,,,
svm,"{""C"": 2.0, ""kernel"": ""linear""}",0.9597369677822272,0.459,0.459,0.4777898158179848,0.882,0.6198172874209417,0.4401819999999999,0.548329218254805,4,south_german_credit,clean,historical500,10.0,default,,,,
knn,"{""n_neighbors"": 5, ""weights"": ""uniform""}",0.9353229943878016,0.488,0.488,0.4937629937629937,0.95,0.6497948016415869,0.384204,0.4446381039174137,4,south_german_credit,clean,historical500,10.0,default,,,,
xgb,"{""max_depth"": 3, ""n_estimators"": 200}",0.960458087266598,0.5,0.5,0.5,1.0,0.6666666666666666,0.579294,0.5543248210656258,4,south_german_credit,clean,historical500,10.0,default,,,,
logistic,,,0.514,0.514,0.5072614107883817,0.978,0.6680327868852459,0.81936,0.8504003228914854,6,south_german_credit,clean,historical500,10.0,default,,,,
logistic,,,0.5,0.5,0.5,0.996,0.6657754010695187,0.8361959999999999,0.8631243111240501,11,south_german_credit,clean,historical500,10.0,default,24.0,10.0,,
knn,,,0.495,0.495,0.4974146845915201,0.962,0.6557600545330606,0.495,0.4975129265770424,15,south_german_credit,clean,historical500,10.0,k=1,,,,
knn,,,0.479,0.479,0.4888416578108395,0.92,0.6384455239417072,0.479084,0.4897343251859724,15,south_german_credit,clean,historical500,10.0,k=2,,,,
knn,,,0.493,0.493,0.4963805584281282,0.96,0.65439672801636,0.4666,0.483382909954921,15,south_german_credit,clean,historical500,10.0,k=3,,,,
knn,,,0.488,0.488,0.4937106918238994,0.942,0.6478679504814305,0.434548,0.4681547150900791,15,south_german_credit,clean,historical500,10.0,k=4,,,,
knn,,,0.488,0.488,0.4937629937629937,0.95,0.6497948016415869,0.384204,0.4446381039174137,15,south_german_credit,clean,historical500,10.0,k=5,,,,
knn,,,0.464,0.464,0.4805194805194805,0.888,0.6235955056179775,0.348424,0.4274130248137107,15,south_german_credit,clean,historical500,10.0,k=6,,,,
knn,,,0.481,0.481,0.4900314795383001,0.934,0.64280798348245,0.27965,0.3997275288864603,15,south_german_credit,clean,historical500,10.0,k=7,,,,
knn,,,0.457,0.457,0.4762954796030871,0.864,0.6140724946695096,0.26233,0.3918604494001543,15,south_german_credit,clean,historical500,10.0,k=8,,,,
knn,,,0.492,0.492,0.4958677685950413,0.96,0.6539509536784741,0.2363219999999999,0.3818968772838745,15,south_german_credit,clean,historical500,10.0,k=9,,,,
knn,,,0.471,0.471,0.4845250800426894,0.908,0.6318719554627696,0.2181779999999999,0.37540005935576,15,south_german_credit,clean,historical500,10.0,k=10,,,,
knn,,,0.495,0.495,0.4974463738508682,0.974,0.658553076402975,0.2136319999999999,0.3734755959569233,15,south_german_credit,clean,historical500,10.0,k=11,,,,
knn,,,0.478,0.478,0.4884210526315789,0.928,0.64,0.2122519999999999,0.3741218620417469,15,south_german_credit,clean,historical500,10.0,k=12,,,,
knn,,,0.495,0.495,0.497467071935157,0.982,0.660390047074647,0.2118139999999999,0.3770737883498647,15,south_german_credit,clean,historical500,10.0,k=13,,,,
knn,,,0.483,0.483,0.4911917098445595,0.948,0.647098976109215,0.211534,0.3761124455962278,15,south_german_credit,clean,historical500,10.0,k=14,,,,
knn,,,0.502,0.502,0.501008064516129,0.994,0.6662198391420912,0.2143279999999999,0.3773957457270556,15,south_german_credit,clean,historical500,10.0,k=15,,,,
knn,,,0.499,0.499,0.4994934143870314,0.986,0.6630800268997983,0.2155159999999999,0.3799079337564575,15,south_german_credit,clean,historical500,10.0,k=16,,,,
knn,,,0.503,0.503,0.5015136226034309,0.994,0.6666666666666666,0.215162,0.381029367068475,15,south_german_credit,clean,historical500,10.0,k=17,,,,
knn,,,0.464,0.464,0.4806866952789699,0.896,0.6256983240223464,0.2152099999999999,0.3760676902553639,15,south_german_credit,clean,historical500,10.0,k=18,,,,
knn,,,0.482,0.482,0.4906444906444906,0.944,0.6456908344733242,0.215362,0.373851783627697,15,south_german_credit,clean,historical500,10.0,k=19,,,,
knn,,,0.475,0.475,0.4866310160427807,0.91,0.6341463414634146,0.217418,0.3750779497639861,15,south_german_credit,clean,historical500,10.0,k=20,,,,
linear_regression,,,0.477,0.477,0.4879328436516264,0.93,0.6400550584996559,,,19,south_german_credit,clean,historical500,10.0,default,,,,
logistic,,,0.5,0.5,0.5,1.0,0.6666666666666666,1.0,1.0,6,south_german_credit,clean,revised,20.0,default,,,,
logistic,,,0.6,0.6,0.5555555555555556,1.0,0.7142857142857143,1.0,1.0,11,south_german_credit,clean,revised,20.0,default,24.0,9.0,,
knn,,,0.5,0.5,0.5,1.0,0.6666666666666666,0.5,0.5,15,south_german_credit,clean,revised,20.0,k=1,,,,
knn,,,0.7,0.7,0.625,1.0,0.7692307692307693,0.7,0.625,15,south_german_credit,clean,revised,20.0,k=2,,,,
knn,,,0.5,0.5,0.5,1.0,0.6666666666666666,0.8,0.7400000000000001,15,south_german_credit,clean,revised,20.0,k=3,,,,
knn,,,0.6,0.6000000000000001,0.5714285714285714,0.8,0.6666666666666666,0.78,0.8142857142857143,15,south_german_credit,clean,revised,20.0,k=4,,,,
knn,,,0.6,0.6,0.5555555555555556,1.0,0.7142857142857143,0.8400000000000001,0.7911111111111111,15,south_german_credit,clean,revised,20.0,k=5,,,,
knn,,,0.7,0.7,0.625,1.0,0.7692307692307693,0.76,0.7,15,south_german_credit,clean,revised,20.0,k=6,,,,
knn,,,0.6,0.6,0.5555555555555556,1.0,0.7142857142857143,0.7599999999999999,0.7333333333333334,15,south_german_credit,clean,revised,20.0,k=7,,,,
knn,,,0.6,0.6000000000000001,0.6666666666666666,0.4,0.5,0.6,0.5666666666666667,15,south_german_credit,clean,revised,20.0,k=8,,,,
knn,,,0.7,0.7,0.625,1.0,0.7692307692307693,0.7,0.625,15,south_german_credit,clean,revised,20.0,k=9,,,,
linear_regression,,,0.5,0.5,0.5,1.0,0.6666666666666666,,,19,south_german_credit,clean,revised,20.0,default,,,,
logistic,"{""C"": 10.0}",0.9788328289538636,0.508,0.508,0.5040485829959515,0.996,0.6693548387096774,0.871544,0.8939990933893613,4,south_german_credit,clean,historical500,20.0,default,,,,
random_forest,"{""max_depth"": null, ""min_samples_leaf"": 1}",0.9778497662330348,0.501,0.501,0.5005005005005005,1.0,0.66711140760507,0.5979559999999999,0.5606289223429733,4,south_german_credit,clean,historical500,20.0,default,,,,
svm,"{""C"": 0.5, ""kernel"": ""linear""}",0.980865547684343,0.505,0.505,0.5025536261491318,0.984,0.665314401622718,0.81809,0.810349699388815,4,south_german_credit,clean,historical500,20.0,default,,,,
knn,"{""n_neighbors"": 5, ""weights"": ""distance""}",0.960487149867733,0.478,0.478,0.488659793814433,0.948,0.6448979591836734,0.461348,0.4806400736001792,4,south_german_credit,clean,historical500,20.0,default,,,,
xgb,"{""max_depth"": 5, ""n_estimators"": 100}",0.9828859510992296,0.505,0.505,0.5025176233635448,0.998,0.6684527796383122,0.6351279999999999,0.5882030012743389,4,south_german_credit,clean,historical500,20.0,default,,,,
logistic,,,0.533,0.533,0.5171696149843913,0.994,0.6803559206023272,0.889836,0.9125717978617496,6,south_german_credit,clean,historical500,20.0,default,,,,
logistic,,,0.505,0.505,0.5025176233635448,0.998,0.6684527796383122,0.908792,0.9264866066330508,11,south_german_credit,clean,historical500,20.0,default,24.0,11.0,,
knn,,,0.464,0.464,0.4811715481171548,0.92,0.6318681318681318,0.464,0.4826778242677824,15,south_german_credit,clean,historical500,20.0,k=1,,,,
knn,,,0.455,0.455,0.4761904761904761,0.9,0.6228373702422145,0.45493,0.4780337503636892,15,south_german_credit,clean,historical500,20.0,k=2,,,,
knn,,,0.464,0.464,0.48125,0.924,0.6328767123287671,0.459516,0.4804391018678253,15,south_german_credit,clean,historical500,20.0,k=3,,,,
knn,,,0.465,0.465,0.4817136886102403,0.922,0.6328071379547014,0.460584,0.480579331165517,15,south_german_credit,clean,historical500,20.0,k=4,,,,
knn,,,0.478,0.478,0.488659793814433,0.948,0.6448979591836734,0.46137,0.4810590658005285,15,south_german_credit,clean,historical500,20.0,k=5,,,,
knn,,,0.459,0.459,0.4784437434279706,0.91,0.6271536871123363,0.466712,0.4837606552268462,15,south_german_credit,clean,historical500,20.0,k=6,,,,
knn,,,0.466,0.466,0.4822916666666667,0.926,0.6342465753424658,0.46763,0.4841861557215378,15,south_german_credit,clean,historical500,20.0,k=7,,,,
knn,,,0.46,0.46,0.4790356394129979,0.914,0.6286107290233838,0.468512,0.4846330048875388,15,south_german_credit,clean,historical500,20.0,k=8,,,,
knn,,,0.462,0.462,0.4801670146137787,0.92,0.6310013717421125,0.4711300000000001,0.4860465643645538,15,south_german_credit,clean,historical500,20.0,k=9,,,,
knn,,,0.459,0.459,0.4784889821615949,0.912,0.6276668960770819,0.471166,0.4860154158010074,15,south_german_credit,clean,historical500,20.0,k=10,,,,
knn,,,0.462,0.462,0.4801255230125523,0.918,0.6304945054945055,0.472066,0.4864549798164792,15,south_german_credit,clean,historical500,20.0,k=11,,,,
knn,,,0.461,0.461,0.4795811518324607,0.916,0.629553264604811,0.47211,0.4865186842050224,15,south_german_credit,clean,historical500,20.0,k=12,,,,
knn,,,0.463,0.463,0.4806687565308254,0.92,0.6314344543582704,0.472098,0.4865027489909316,15,south_german_credit,clean,historical500,20.0,k=13,,,,
knn,,,0.457,0.457,0.4772967265047518,0.904,0.6247408431237043,0.4721680000000001,0.4865964417117995,15,south_german_credit,clean,historical500,20.0,k=14,,,,
knn,,,0.456,0.456,0.4768421052631579,0.906,0.6248275862068966,0.472966,0.4870868967062168,15,south_german_credit,clean,historical500,20.0,k=15,,,,
knn,,,0.455,0.455,0.476290832455216,0.904,0.6238785369220152,0.474738,0.4879095397256228,15,south_german_credit,clean,historical500,20.0,k=16,,,,
knn,,,0.456,0.456,0.476890756302521,0.908,0.6253443526170799,0.47472,0.4879213683653495,15,south_german_credit,clean,historical500,20.0,k=17,,,,
knn,,,0.454,0.454,0.4757383966244726,0.902,0.6229281767955801,0.478306,0.4898012045920983,15,south_german_credit,clean,historical500,20.0,k=18,,,,
knn,,,0.454,0.454,0.4757383966244726,0.902,0.6229281767955801,0.4801219999999999,0.4907978990946969,15,south_german_credit,clean,historical500,20.0,k=19,,,,
knn,,,0.454,0.454,0.4757383966244726,0.902,0.6229281767955801,0.480118,0.49077218804633,15,south_german_credit,clean,historical500,20.0,k=20,,,,
linear_regression,,,0.509,0.509,0.5045778229908443,0.992,0.6689143627781524,,,19,south_german_credit,clean,historical500,20.0,default,,,,
metadata,,,,,,,,,,13,pkdd_czech,clean,matched_pca_variance,,variance=0.90,,,0.9079723751443594,71.0
metadata,,,,,,,,,,13,polish_bankruptcy,clean,matched_pca_variance,,variance=0.90,,,0.903546667920936,31.0
metadata,,,,,,,,,,13,taiwan_bankruptcy,clean,matched_pca_variance,,variance=0.90,,,0.9053424741611414,36.0
metadata,,,,,,,,,,13,south_german_credit,clean,matched_pca_variance,,variance=0.90,,,0.905078068080708,42.0
logistic,,,0.5375,0.5375,0.5194805194805194,1.0,0.6837606837606838,0.955,0.9761626886626888,14,pkdd_czech,clean,1_default_to_4_nondefault,10.0,20 default / 80 non-default snapshots,,,,
logistic,,,0.8875,0.8875,0.8163265306122449,1.0,0.898876404494382,1.0,1.0,14,polish_bankruptcy,clean,1_default_to_4_nondefault,10.0,20 default / 80 non-default snapshots,,,,
logistic,,,0.975,0.975,0.9523809523809524,1.0,0.975609756097561,1.0,1.0,14,taiwan_bankruptcy,clean,1_default_to_4_nondefault,10.0,20 default / 80 non-default snapshots,,,,
logistic,,,0.2625,0.2625,0.3061224489795918,0.375,0.3370786516853932,0.36,0.552991270258201,14,south_german_credit,clean,1_default_to_4_nondefault,10.0,20 default / 80 non-default snapshots,,,,
logistic,"{""C"": 0.1}",0.8888888888888888,1.0,1.0,1.0,1.0,1.0,1.0,1.0,4,pkdd_czech,historical,revised,20.0,default,,,,
random_forest,"{""max_depth"": null, ""min_samples_leaf"": 1}",1.0,1.0,1.0,1.0,1.0,1.0,1.0,1.0,4,pkdd_czech,historical,revised,20.0,default,,,,
svm,"{""C"": 0.5, ""kernel"": ""rbf""}",1.0,1.0,1.0,1.0,1.0,1.0,1.0,1.0,4,pkdd_czech,historical,revised,20.0,default,,,,
knn,"{""n_neighbors"": 3, ""weights"": ""uniform""}",1.0,1.0,1.0,1.0,1.0,1.0,1.0,1.0,4,pkdd_czech,historical,revised,20.0,default,,,,
xgb,"{""max_depth"": 3, ""n_estimators"": 100}",0.1666666666666666,0.6666666666666666,0.5,0.0,0.0,0.0,0.5,0.3333333333333333,4,pkdd_czech,historical,revised,20.0,default,,,,
logistic,"{""C"": 0.1}",0.8888888888888888,0.5,0.5,0.5,1.0,0.6666666666666666,1.0,1.0,4,pkdd_czech,clean,revised,20.0,default,,,,
random_forest,"{""max_depth"": null, ""min_samples_leaf"": 1}",1.0,0.5,0.5,0.5,1.0,0.6666666666666666,1.0,1.0,4,pkdd_czech,clean,revised,20.0,default,,,,
svm,"{""C"": 0.5, ""kernel"": ""linear""}",0.8888888888888888,0.5,0.5,0.5,1.0,0.6666666666666666,1.0,1.0,4,pkdd_czech,clean,revised,20.0,default,,,,
knn,"{""n_neighbors"": 3, ""weights"": ""uniform""}",0.8888888888888888,0.8,0.8,0.7142857142857143,1.0,0.8333333333333334,0.8,0.7142857142857143,4,pkdd_czech,clean,revised,20.0,default,,,,
xgb,"{""max_depth"": 3, ""n_estimators"": 100}",0.0,0.9,0.9,0.8333333333333334,1.0,0.9090909090909092,0.9,0.8333333333333334,4,pkdd_czech,clean,revised,20.0,default,,,,
logistic,"{""C"": 0.1}",0.9333333333333332,1.0,1.0,1.0,1.0,1.0,1.0,1.0,4,polish_bankruptcy,historical,revised,20.0,default,,,,
random_forest,"{""max_depth"": null, ""min_samples_leaf"": 1}",1.0,1.0,1.0,1.0,1.0,1.0,1.0,1.0,4,polish_bankruptcy,historical,revised,20.0,default,,,,
svm,"{""C"": 0.5, ""kernel"": ""linear""}",0.9333333333333332,1.0,1.0,1.0,1.0,1.0,1.0,1.0,4,polish_bankruptcy,historical,revised,20.0,default,,,,
knn,"{""n_neighbors"": 3, ""weights"": ""distance""}",0.8888888888888888,1.0,1.0,1.0,1.0,1.0,1.0,1.0,4,polish_bankruptcy,historical,revised,20.0,default,,,,
xgb,"{""max_depth"": 3, ""n_estimators"": 100}",0.1666666666666666,0.6666666666666666,0.5,0.0,0.0,0.0,0.5,0.3333333333333333,4,polish_bankruptcy,historical,revised,20.0,default,,,,
logistic,"{""C"": 0.1}",0.8888888888888888,0.6666666666666666,0.6666666666666666,0.6,1.0,0.75,1.0,1.0,4,polish_bankruptcy,clean,revised,20.0,default,,,,
random_forest,"{""max_depth"": null, ""min_samples_leaf"": 1}",1.0,1.0,1.0,1.0,1.0,1.0,1.0,1.0,4,polish_bankruptcy,clean,revised,20.0,default,,,,
svm,"{""C"": 0.5, ""kernel"": ""linear""}",1.0,0.6666666666666666,0.6666666666666666,0.6,1.0,0.75,1.0,1.0,4,polish_bankruptcy,clean,revised,20.0,default,,,,
knn,"{""n_neighbors"": 3, ""weights"": ""uniform""}",0.8888888888888888,0.8333333333333334,0.8333333333333333,0.75,1.0,0.8571428571428571,0.9166666666666666,0.8571428571428571,4,polish_bankruptcy,clean,revised,20.0,default,,,,
xgb,"{""max_depth"": 3, ""n_estimators"": 100}",0.0,1.0,1.0,1.0,1.0,1.0,1.0,1.0,4,polish_bankruptcy,clean,revised,20.0,default,,,,
logistic,"{""C"": 0.1}",1.0,1.0,1.0,1.0,1.0,1.0,1.0,1.0,4,taiwan_bankruptcy,historical,revised,20.0,default,,,,
random_forest,"{""max_depth"": null, ""min_samples_leaf"": 1}",1.0,1.0,1.0,1.0,1.0,1.0,1.0,1.0,4,taiwan_bankruptcy,historical,revised,20.0,default,,,,
svm,"{""C"": 0.5, ""kernel"": ""linear""}",1.0,1.0,1.0,1.0,1.0,1.0,1.0,1.0,4,taiwan_bankruptcy,historical,revised,20.0,default,,,,
knn,"{""n_neighbors"": 3, ""weights"": ""uniform""}",1.0,1.0,1.0,1.0,1.0,1.0,1.0,1.0,4,taiwan_bankruptcy,historical,revised,20.0,default,,,,
xgb,"{""max_depth"": 3, ""n_estimators"": 100}",0.1666666666666666,0.6666666666666666,0.5,0.0,0.0,0.0,0.5,0.3333333333333333,4,taiwan_bankruptcy,historical,revised,20.0,default,,,,
logistic,"{""C"": 0.1}",1.0,1.0,1.0,1.0,1.0,1.0,1.0,1.0,4,taiwan_bankruptcy,clean,revised,20.0,default,,,,
random_forest,"{""max_depth"": null, ""min_samples_leaf"": 1}",1.0,1.0,1.0,1.0,1.0,1.0,1.0,1.0,4,taiwan_bankruptcy,clean,revised,20.0,default,,,,
svm,"{""C"": 0.5, ""kernel"": ""linear""}",1.0,1.0,1.0,1.0,1.0,1.0,1.0,1.0,4,taiwan_bankruptcy,clean,revised,20.0,default,,,,
knn,"{""n_neighbors"": 3, ""weights"": ""uniform""}",1.0,1.0,1.0,1.0,1.0,1.0,1.0,1.0,4,taiwan_bankruptcy,clean,revised,20.0,default,,,,
xgb,"{""max_depth"": 3, ""n_estimators"": 100}",0.0,1.0,1.0,1.0,1.0,1.0,1.0,1.0,4,taiwan_bankruptcy,clean,revised,20.0,default,,,,
logistic,"{""C"": 1.0}",0.8857142857142858,1.0,1.0,1.0,1.0,1.0,1.0,1.0,4,south_german_credit,historical,revised,10.0,default,,,,
random_forest,"{""max_depth"": null, ""min_samples_leaf"": 1}",0.8190476190476191,1.0,1.0,1.0,1.0,1.0,1.0,1.0,4,south_german_credit,historical,revised,10.0,default,,,,
svm,"{""C"": 0.5, ""kernel"": ""linear""}",0.8857142857142858,1.0,1.0,1.0,1.0,1.0,1.0,1.0,4,south_german_credit,historical,revised,10.0,default,,,,
knn,"{""n_neighbors"": 5, ""weights"": ""uniform""}",0.7746031746031745,1.0,1.0,1.0,1.0,1.0,1.0,1.0,4,south_german_credit,historical,revised,10.0,default,,,,
xgb,"{""max_depth"": 3, ""n_estimators"": 100}",0.9333333333333332,1.0,1.0,1.0,1.0,1.0,1.0,1.0,4,south_german_credit,historical,revised,10.0,default,,,,
logistic,"{""C"": 0.1}",0.3333333333333333,1.0,1.0,1.0,1.0,1.0,1.0,1.0,4,south_german_credit,historical,revised,20.0,default,,,,
random_forest,"{""max_depth"": null, ""min_samples_leaf"": 1}",0.5555555555555555,1.0,1.0,1.0,1.0,1.0,1.0,1.0,4,south_german_credit,historical,revised,20.0,default,,,,
svm,"{""C"": 0.5, ""kernel"": ""rbf""}",0.5,1.0,1.0,1.0,1.0,1.0,0.0,0.5,4,south_german_credit,historical,revised,20.0,default,,,,
knn,"{""n_neighbors"": 4, ""weights"": ""distance""}",0.3333333333333333,0.5,0.5,0.0,0.0,0.0,0.0,0.5,4,south_german_credit,historical,revised,20.0,default,,,,
xgb,"{""max_depth"": 3, ""n_estimators"": 100}",0.3888888888888888,0.5,0.5,0.5,1.0,0.6666666666666666,0.5,0.5,4,south_german_credit,historical,revised,20.0,default,,,,
logistic,"{""C"": 1.0}",1.0,0.5,0.5,0.5,1.0,0.6666666666666666,1.0,1.0,4,south_german_credit,clean,revised,20.0,default,,,,
random_forest,"{""max_depth"": null, ""min_samples_leaf"": 1}",1.0,0.5,0.5,0.5,1.0,0.6666666666666666,0.7,0.696190476190476,4,south_german_credit,clean,revised,20.0,default,,,,
svm,"{""C"": 0.5, ""kernel"": ""linear""}",0.9333333333333332,0.5,0.5,0.5,1.0,0.6666666666666666,1.0,1.0,4,south_german_credit,clean,revised,20.0,default,,,,
knn,"{""n_neighbors"": 5, ""weights"": ""distance""}",0.7777777777777777,0.5,0.5,0.5,1.0,0.6666666666666666,0.8400000000000001,0.911111111111111,4,south_german_credit,clean,revised,20.0,default,,,,
xgb,"{""max_depth"": 3, ""n_estimators"": 100}",0.1666666666666666,0.5,0.5,0.5,1.0,0.6666666666666666,0.5,0.5,4,south_german_credit,clean,revised,20.0,default,,,,
logistic,"{""C"": 10.0}",0.3338315000797067,0.7737226277372263,0.6390710382513661,0.2333333333333333,0.4666666666666667,0.3111111111111111,0.692896174863388,0.4137451361621823,2,pkdd_czech,historical,tuned_baseline,,bounded_grid_3fold,,,,
random_forest,"{""max_depth"": 8, ""min_samples_leaf"": 5}",0.2769230769230769,0.9051094890510948,0.5959016393442623,0.75,0.2,0.3157894736842105,0.8043715846994535,0.5209711406908203,2,pkdd_czech,historical,tuned_baseline,,bounded_grid_3fold,,,,
svm,"{""C"": 2.0, ""kernel"": ""linear""}",0.388628762541806,0.7883211678832117,0.6765027322404371,0.2666666666666666,0.5333333333333333,0.3555555555555555,0.7240437158469946,0.3542316422465731,2,pkdd_czech,historical,tuned_baseline,,bounded_grid_3fold,,,,
knn,"{""n_neighbors"": 3, ""weights"": ""uniform""}",0.0,0.8540145985401459,0.4795081967213114,0.0,0.0,0.0,0.6286885245901639,0.1604965999126583,2,pkdd_czech,historical,tuned_baseline,,bounded_grid_3fold,,,,
xgb,"{""max_depth"": 5, ""n_estimators"": 100}",0.5343468468468469,0.9197080291970804,0.7210382513661202,0.7,0.4666666666666667,0.56,0.8836065573770491,0.6625942593424812,2,pkdd_czech,historical,tuned_baseline,,bounded_grid_3fold,,,,
logistic,"{""C"": 10.0}",0.3381170908079544,0.781021897810219,0.6431693989071039,0.2413793103448276,0.4666666666666667,0.3181818181818182,0.6934426229508197,0.4149130459420663,2,pkdd_czech,clean,tuned_baseline,,bounded_grid_3fold,,,,
random_forest,"{""max_depth"": null, ""min_samples_leaf"": 5}",0.2341269841269841,0.9124087591240876,0.6292349726775956,0.8,0.2666666666666666,0.4,0.812568306010929,0.5598501069538631,2,pkdd_czech,clean,tuned_baseline,,bounded_grid_3fold,,,,
svm,"{""C"": 2.0, ""kernel"": ""linear""}",0.3932400932400933,0.7883211678832117,0.6765027322404371,0.2666666666666666,0.5333333333333333,0.3555555555555555,0.7245901639344262,0.3608796146787569,2,pkdd_czech,clean,tuned_baseline,,bounded_grid_3fold,,,,
knn,"{""n_neighbors"": 3, ""weights"": ""uniform""}",0.0,0.8540145985401459,0.4795081967213114,0.0,0.0,0.0,0.6327868852459015,0.1633755922653348,2,pkdd_czech,clean,tuned_baseline,,bounded_grid_3fold,,,,
xgb,"{""max_depth"": 3, ""n_estimators"": 100}",0.5083778966131907,0.8978102189781022,0.7379781420765028,0.5333333333333333,0.5333333333333333,0.5333333333333333,0.8327868852459017,0.5975738807244154,2,pkdd_czech,clean,tuned_baseline,,bounded_grid_3fold,,,,
logistic,"{""C"": 10.0}",0.3157209910450937,0.8557829604950024,0.7899045399045399,0.2052023121387283,0.7171717171717171,0.3191011235955056,0.8456644365735275,0.2160483371941595,2,polish_bankruptcy,historical,tuned_baseline,,bounded_grid_3fold,,,,
random_forest,"{""max_depth"": 8, ""min_samples_leaf"": 5}",0.3640585003433851,0.9205140409328892,0.7182539682539683,0.2951807228915662,0.494949494949495,0.3698113207547169,0.8753973299427845,0.4642206563299741,2,polish_bankruptcy,historical,tuned_baseline,,bounded_grid_3fold,,,,
svm,"{""C"": 0.5, ""kernel"": ""linear""}",0.3214692778663858,0.8810090433127082,0.7407314907314908,0.2172284644194756,0.5858585858585859,0.3169398907103825,0.8484898939444394,0.2235320545037173,2,polish_bankruptcy,historical,tuned_baseline,,bounded_grid_3fold,,,,
knn,"{""n_neighbors"": 3, ""weights"": ""uniform""}",0.3294579442421002,0.9528795811518324,0.5912143412143412,0.5,0.1919191919191919,0.2773722627737226,0.709426936699664,0.2201437421229033,2,polish_bankruptcy,historical,tuned_baseline,,bounded_grid_3fold,,,,
xgb,"{""max_depth"": 5, ""n_estimators"": 200}",0.5632862371976906,0.9562113279390766,0.7513875013875014,0.5360824742268041,0.5252525252525253,0.5306122448979592,0.918843782480146,0.6138805093769802,2,polish_bankruptcy,historical,tuned_baseline,,bounded_grid_3fold,,,,
logistic,"{""C"": 10.0}",0.3150350188435624,0.8567348881485007,0.7904040404040404,0.2063953488372093,0.7171717171717171,0.3205417607223476,0.8450387995842541,0.2179409071114964,2,polish_bankruptcy,clean,tuned_baseline,,bounded_grid_3fold,,,,
random_forest,"{""max_depth"": 8, ""min_samples_leaf"": 5}",0.3588117916241995,0.917658257972394,0.7167554667554668,0.2848837209302325,0.494949494949495,0.3616236162361623,0.8751904660995571,0.4622803891363298,2,polish_bankruptcy,clean,tuned_baseline,,bounded_grid_3fold,,,,
svm,"{""C"": 0.5, ""kernel"": ""linear""}",0.3207309494734644,0.8810090433127082,0.7407314907314908,0.2172284644194756,0.5858585858585859,0.3169398907103825,0.8473571882662791,0.2203200932735835,2,polish_bankruptcy,clean,tuned_baseline,,bounded_grid_3fold,,,,
knn,"{""n_neighbors"": 3, ""weights"": ""uniform""}",0.3309069440707858,0.9538315088053309,0.5965145965145965,0.5263157894736842,0.202020202020202,0.291970802919708,0.6950498995953542,0.2187194079233793,2,polish_bankruptcy,clean,tuned_baseline,,bounded_grid_3fold,,,,
xgb,"{""max_depth"": 5, ""n_estimators"": 200}",0.5606871503683256,0.9581151832460733,0.7667887667887667,0.5555555555555556,0.5555555555555556,0.5555555555555556,0.9162201434928708,0.6098032932492926,2,polish_bankruptcy,clean,tuned_baseline,,bounded_grid_3fold,,,,
logistic,"{""C"": 0.1}",0.3034405585830018,0.8834310850439883,0.8628787878787879,0.1957671957671957,0.8409090909090909,0.3175965665236051,0.9417527548209368,0.4124907655989704,2,taiwan_bankruptcy,historical,tuned_baseline,,bounded_grid_3fold,,,,
random_forest,"{""max_depth"": null, ""min_samples_leaf"": 5}",0.4253002686096819,0.9633431085043987,0.7393939393939394,0.44,0.5,0.4680851063829787,0.9469696969696968,0.4688725744175218,2,taiwan_bankruptcy,historical,tuned_baseline,,bounded_grid_3fold,,,,
svm,"{""C"": 0.5, ""kernel"": ""rbf""}",0.3282975081281665,0.9288856304985336,0.809469696969697,0.2654867256637168,0.6818181818181818,0.3821656050955414,0.9363292011019284,0.355515558144603,2,taiwan_bankruptcy,historical,tuned_baseline,,bounded_grid_3fold,,,,
knn,"{""n_neighbors"": 3, ""weights"": ""uniform""}",0.2734353768836527,0.9626099706744868,0.5742424242424242,0.3333333333333333,0.1590909090909091,0.2153846153846154,0.72778064738292,0.1698086859377182,2,taiwan_bankruptcy,historical,tuned_baseline,,bounded_grid_3fold,,,,
xgb,"{""max_depth"": 5, ""n_estimators"": 200}",0.4298260971055088,0.9596774193548387,0.781439393939394,0.4126984126984127,0.5909090909090909,0.4859813084112149,0.9522555096418732,0.4905238831580069,2,taiwan_bankruptcy,historical,tuned_baseline,,bounded_grid_3fold,,,,
logistic,"{""C"": 0.1}",0.3027711893612276,0.8841642228739003,0.8632575757575758,0.1968085106382978,0.8409090909090909,0.3189655172413793,0.943474517906336,0.4091237270203705,2,taiwan_bankruptcy,clean,tuned_baseline,,bounded_grid_3fold,,,,
random_forest,"{""max_depth"": 8, ""min_samples_leaf"": 5}",0.4200955116448074,0.9523460410557184,0.8106060606060606,0.3670886075949367,0.6590909090909091,0.4715447154471545,0.9464187327823692,0.4822688447845051,2,taiwan_bankruptcy,clean,tuned_baseline,,bounded_grid_3fold,,,,
svm,"{""C"": 0.5, ""kernel"": ""rbf""}",0.3354786350307401,0.9310850439882696,0.8106060606060606,0.2727272727272727,0.6818181818181818,0.3896103896103896,0.9366046831955924,0.3648154566206656,2,taiwan_bankruptcy,clean,tuned_baseline,,bounded_grid_3fold,,,,
knn,"{""n_neighbors"": 3, ""weights"": ""uniform""}",0.2744843794319057,0.9640762463343108,0.5859848484848484,0.3809523809523809,0.1818181818181818,0.2461538461538461,0.7164686639118457,0.1599866926242638,2,taiwan_bankruptcy,clean,tuned_baseline,,bounded_grid_3fold,,,,
xgb,"{""max_depth"": 5, ""n_estimators"": 200}",0.4314212197734925,0.9626099706744868,0.7829545454545455,0.4406779661016949,0.5909090909090909,0.5048543689320388,0.9489325068870524,0.4775116915693529,2,taiwan_bankruptcy,clean,tuned_baseline,,bounded_grid_3fold,,,,
logistic,"{""C"": 0.1}",0.588154148257241,0.69,0.6738095238095239,0.4871794871794871,0.6333333333333333,0.5507246376811594,0.7405952380952381,0.5704506050806771,2,south_german_credit,historical,tuned_baseline,,bounded_grid_3fold,,,,
random_forest,"{""max_depth"": 8, ""min_samples_leaf"": 5}",0.6028912082358878,0.685,0.6607142857142857,0.48,0.6,0.5333333333333333,0.748095238095238,0.589963325762984,2,south_german_credit,historical,tuned_baseline,,bounded_grid_3fold,,,,
svm,"{""C"": 0.5, ""kernel"": ""rbf""}",0.5914690097627737,0.7,0.6857142857142857,0.5,0.65,0.5652173913043478,0.7644047619047619,0.6218779124920094,2,south_german_credit,historical,tuned_baseline,,bounded_grid_3fold,,,,
knn,"{""n_neighbors"": 3, ""weights"": ""uniform""}",0.3991606546792619,0.71,0.6071428571428572,0.525,0.35,0.42,0.6516071428571428,0.4283262108262108,2,south_german_credit,historical,tuned_baseline,,bounded_grid_3fold,,,,
xgb,"{""max_depth"": 3, ""n_estimators"": 200}",0.6130296587419195,0.69,0.6738095238095239,0.4871794871794871,0.6333333333333333,0.5507246376811594,0.7623809523809524,0.630686112749749,2,south_german_credit,historical,tuned_baseline,,bounded_grid_3fold,,,,
logistic,"{""C"": 0.1}",0.5857588383744939,0.69,0.6738095238095239,0.4871794871794871,0.6333333333333333,0.5507246376811594,0.7405952380952381,0.5710910288467708,2,south_german_credit,clean,tuned_baseline,,bounded_grid_3fold,,,,
random_forest,"{""max_depth"": 8, ""min_samples_leaf"": 5}",0.6019650761223795,0.685,0.6607142857142857,0.48,0.6,0.5333333333333333,0.7476190476190476,0.5892625158630073,2,south_german_credit,clean,tuned_baseline,,bounded_grid_3fold,,,,
svm,"{""C"": 0.5, ""kernel"": ""rbf""}",0.5922188080777638,0.705,0.6892857142857143,0.5064935064935064,0.65,0.5693430656934306,0.7658928571428572,0.6228940118251061,2,south_german_credit,clean,tuned_baseline,,bounded_grid_3fold,,,,
knn,"{""n_neighbors"": 5, ""weights"": ""uniform""}",0.3922509049223259,0.735,0.6154761904761905,0.6129032258064516,0.3166666666666666,0.4175824175824176,0.6730357142857144,0.4669846635530414,2,south_german_credit,clean,tuned_baseline,,bounded_grid_3fold,,,,
xgb,"{""max_depth"": 3, ""n_estimators"": 200}",0.6130296587419195,0.69,0.6738095238095239,0.4871794871794871,0.6333333333333333,0.5507246376811594,0.7623809523809524,0.630686112749749,2,south_german_credit,clean,tuned_baseline,,bounded_grid_3fold,,,,
logistic,,,0.4671532846715328,0.3792349726775956,0.0606060606060606,0.2666666666666666,0.0987654320987654,0.3939890710382513,0.0892854310602941,16,pkdd_czech,clean,pca_component_sweep,,components=2,,,0.063705868892454,
logistic,,,0.5182481751824818,0.4956284153005464,0.1076923076923077,0.4666666666666667,0.175,0.5120218579234973,0.1106418629692618,16,pkdd_czech,clean,pca_component_sweep,,components=5,,,0.1208924192756017,
logistic,,,0.5328467153284672,0.5622950819672131,0.1343283582089552,0.6,0.2195121951219512,0.5229508196721311,0.1196781509238897,16,pkdd_czech,clean,pca_component_sweep,,components=10,,,0.1980590115863517,
logistic,,,0.5912408759124088,0.5073770491803279,0.1132075471698113,0.4,0.1764705882352941,0.5278688524590164,0.1808308176190429,16,pkdd_czech,clean,pca_component_sweep,,components=20,,,0.324128536711188,
logistic,,,0.8333333333333334,0.8333333333333333,0.75,1.0,0.8571428571428571,1.0,1.0,12,pkdd_czech,clean,matched_sample_size,,t=6,,,,
logistic,,,0.75,0.75,0.6666666666666666,1.0,0.8,1.0,1.0,12,pkdd_czech,clean,matched_sample_size,,t=12,,,,
logistic,,,0.7226277372262774,0.5811475409836065,0.1714285714285714,0.4,0.24,0.5513661202185792,0.2728587811380937,13,pkdd_czech,clean,matched_pca_variance,,reference_variance=0.90,,,0.9079723751443594,71.0
logistic,,,0.8852927177534508,0.502941502941503,0.050632911392405,0.0808080808080808,0.0622568093385214,0.6691238054874419,0.0782505081313456,16,polish_bankruptcy,clean,pca_component_sweep,,components=2,,,0.2492195045735225,
logistic,,,0.7534507377439315,0.6930014430014431,0.1141804788213628,0.6262626262626263,0.1931464174454828,0.7289074561801835,0.1055286439030758,16,polish_bankruptcy,clean,pca_component_sweep,,components=5,,,0.479161792946756,
logistic,,,0.7448833888624464,0.7077089577089577,0.1159929701230228,0.6666666666666666,0.1976047904191616,0.7499268408359318,0.1207653326971874,16,polish_bankruptcy,clean,pca_component_sweep,,components=10,,,0.6549204142202996,
logistic,,,0.7767729652546407,0.7292429792429793,0.1329365079365079,0.6767676767676768,0.2222222222222222,0.7736707736707737,0.1247030917297364,16,polish_bankruptcy,clean,pca_component_sweep,,components=20,,,0.8017362041409717,
logistic,,,0.8529411764705882,0.8529411764705882,0.8333333333333334,0.8823529411764706,0.8571428571428571,0.9100346020761244,0.8852022160845692,12,polish_bankruptcy,clean,matched_sample_size,,t=6,,,,
logistic,,,0.8888888888888888,0.8888888888888888,0.8888888888888888,0.8888888888888888,0.8888888888888888,0.9382716049382716,0.9459876543209876,12,polish_bankruptcy,clean,matched_sample_size,,t=12,,,,
logistic,,,0.8548310328415041,0.7365967365967365,0.1840490797546012,0.6060606060606061,0.2823529411764706,0.7978435705708433,0.189229677716679,13,polish_bankruptcy,clean,matched_pca_variance,,reference_variance=0.90,,,0.903546667920936,31.0
logistic,,,0.8673020527859238,0.8765151515151515,0.1813953488372093,0.8863636363636364,0.3011583011583011,0.9257920110192835,0.3768504969846944,18,taiwan_bankruptcy,clean,pca_component_sweep,,components=2,,,0.3148505591331634,
logistic,,,0.8717008797653959,0.8787878787878788,0.1866028708133971,0.8863636363636364,0.308300395256917,0.928288567493113,0.37357865839721,18,taiwan_bankruptcy,clean,pca_component_sweep,,components=5,,,0.4709203278522661,
logistic,,,0.8724340175953079,0.8571969696969697,0.1813725490196078,0.8409090909090909,0.2983870967741935,0.9287706611570248,0.35840496003845,18,taiwan_bankruptcy,clean,pca_component_sweep,,components=10,,,0.6118429845592234,
logistic,,,0.8621700879765396,0.8518939393939394,0.1697247706422018,0.8409090909090909,0.2824427480916031,0.9296659779614326,0.3442264290843345,18,taiwan_bankruptcy,clean,pca_component_sweep,,components=20,,,0.7598978977802184,
logistic,,,0.6875,0.6875,0.8,0.5,0.6153846153846154,0.84375,0.8461670274170274,12,taiwan_bankruptcy,clean,matched_sample_size,,t=6,,,,
logistic,,,0.625,0.625,1.0,0.25,0.4,0.8125,0.8541666666666666,12,taiwan_bankruptcy,clean,matched_sample_size,,t=12,,,,
logistic,,,0.8665689149560117,0.8541666666666667,0.1745283018867924,0.8409090909090909,0.2890625,0.9320420110192836,0.3419482391971449,13,taiwan_bankruptcy,clean,matched_pca_variance,,reference_variance=0.90,,,0.9053424741611414,36.0
logistic,,,0.6,0.5904761904761905,0.3863636363636363,0.5666666666666667,0.4594594594594595,0.6247619047619047,0.4088711446479317,18,south_german_credit,clean,pca_component_sweep,,components=2,,,0.1080155414255032,
logistic,,,0.66,0.6619047619047619,0.4545454545454545,0.6666666666666666,0.5405405405405406,0.6872619047619047,0.4637555844666674,18,south_german_credit,clean,pca_component_sweep,,components=5,,,0.2256553490114294,
logistic,,,0.655,0.6535714285714286,0.4482758620689655,0.65,0.5306122448979592,0.6910714285714287,0.4805325446750633,18,south_german_credit,clean,pca_component_sweep,,components=10,,,0.3745516663555686,
logistic,,,0.695,0.6964285714285714,0.4941176470588235,0.7,0.5793103448275863,0.7404761904761905,0.5219926679772499,18,south_german_credit,clean,pca_component_sweep,,components=20,,,0.5896563559569266,
logistic,,,0.45,0.4499999999999999,0.4,0.2,0.2666666666666666,0.59,0.615427619765855,12,south_german_credit,clean,matched_sample_size,,t=6,,,,
logistic,,,0.6,0.6,1.0,0.2,0.3333333333333333,0.64,0.7533333333333332,12,south_german_credit,clean,matched_sample_size,,t=12,,,,
logistic,,,0.69,0.6928571428571428,0.4883720930232558,0.7,0.5753424657534246,0.7486904761904761,0.5824200731378235,13,south_german_credit,clean,matched_pca_variance,,reference_variance=0.90,,,0.905078068080708,42.0
logistic,"{""C"": 0.1}",1.0,1.0,1.0,1.0,1.0,1.0,1.0,1.0,4,polish_bankruptcy,historical,historical500,20.0,default,,,,
random_forest,"{""max_depth"": null, ""min_samples_leaf"": 1}",1.0,1.0,1.0,1.0,1.0,1.0,1.0,1.0,4,polish_bankruptcy,historical,historical500,20.0,default,,,,
svm,"{""C"": 0.5, ""kernel"": ""linear""}",1.0,1.0,1.0,1.0,1.0,1.0,1.0,1.0,4,polish_bankruptcy,historical,historical500,20.0,default,,,,
knn,"{""n_neighbors"": 3, ""weights"": ""distance""}",0.9962732804379588,0.99,0.99,0.99,0.99,0.99,0.9949,0.995,4,polish_bankruptcy,historical,historical500,20.0,default,,,,
xgb,"{""max_depth"": 3, ""n_estimators"": 100}",0.9974747474747474,1.0,1.0,1.0,1.0,1.0,1.0,1.0,4,polish_bankruptcy,historical,historical500,20.0,default,,,,
logistic,,,1.0,1.0,1.0,1.0,1.0,1.0,1.0,6,polish_bankruptcy,historical,historical500,20.0,default,,,,
logistic,,,1.0,1.0,1.0,1.0,1.0,1.0,1.0,11,polish_bankruptcy,historical,historical500,20.0,default,24.0,9.0,,
knn,,,0.995,0.995,1.0,0.99,0.9949748743718592,0.995,0.995,15,polish_bankruptcy,historical,historical500,20.0,k=1,,,,
knn,,,0.995,0.995,1.0,0.99,0.9949748743718592,0.99495,0.995,15,polish_bankruptcy,historical,historical500,20.0,k=2,,,,
knn,,,0.99,0.99,0.99,0.99,0.99,0.9949,0.995,15,polish_bankruptcy,historical,historical500,20.0,k=3,,,,
knn,,,0.99,0.99,0.99,0.99,0.99,0.9949,0.995,15,polish_bankruptcy,historical,historical500,20.0,k=4,,,,
knn,,,0.985,0.985,0.9801980198019802,0.99,0.9850746268656716,0.9949,0.995,15,polish_bankruptcy,historical,historical500,20.0,k=5,,,,
knn,,,0.985,0.985,0.9801980198019802,0.99,0.9850746268656716,0.9949,0.995,15,polish_bankruptcy,historical,historical500,20.0,k=6,,,,
knn,,,0.985,0.985,0.9801980198019802,0.99,0.9850746268656716,0.9949,0.995,15,polish_bankruptcy,historical,historical500,20.0,k=7,,,,
knn,,,0.985,0.985,0.9801980198019802,0.99,0.9850746268656716,0.9949,0.995,15,polish_bankruptcy,historical,historical500,20.0,k=8,,,,
knn,,,0.985,0.985,0.9801980198019802,0.99,0.9850746268656716,0.9949,0.995,15,polish_bankruptcy,historical,historical500,20.0,k=9,,,,
knn,,,0.985,0.985,0.9801980198019802,0.99,0.9850746268656716,0.9949,0.995,15,polish_bankruptcy,historical,historical500,20.0,k=10,,,,
knn,,,0.985,0.985,0.9801980198019802,0.99,0.9850746268656716,0.9949,0.995,15,polish_bankruptcy,historical,historical500,20.0,k=11,,,,
knn,,,0.985,0.985,0.9801980198019802,0.99,0.9850746268656716,0.9949,0.995,15,polish_bankruptcy,historical,historical500,20.0,k=12,,,,
knn,,,0.985,0.985,0.9801980198019802,0.99,0.9850746268656716,0.9949,0.995,15,polish_bankruptcy,historical,historical500,20.0,k=13,,,,
knn,,,0.985,0.985,0.9801980198019802,0.99,0.9850746268656716,0.9949,0.995,15,polish_bankruptcy,historical,historical500,20.0,k=14,,,,
knn,,,0.985,0.985,0.9801980198019802,0.99,0.9850746268656716,0.99485,0.995,15,polish_bankruptcy,historical,historical500,20.0,k=15,,,,
knn,,,0.985,0.985,0.9801980198019802,0.99,0.9850746268656716,0.99485,0.995,15,polish_bankruptcy,historical,historical500,20.0,k=16,,,,
knn,,,0.985,0.985,0.9801980198019802,0.99,0.9850746268656716,0.99475,0.995,15,polish_bankruptcy,historical,historical500,20.0,k=17,,,,
knn,,,0.985,0.985,0.9801980198019802,0.99,0.9850746268656716,0.99475,0.995,15,polish_bankruptcy,historical,historical500,20.0,k=18,,,,
knn,,,0.985,0.985,0.9801980198019802,0.99,0.9850746268656716,0.99475,0.995,15,polish_bankruptcy,historical,historical500,20.0,k=19,,,,
knn,,,0.985,0.985,0.9801980198019802,0.99,0.9850746268656716,0.99475,0.995,15,polish_bankruptcy,historical,historical500,20.0,k=20,,,,
linear_regression,,,1.0,1.0,1.0,1.0,1.0,,,19,polish_bankruptcy,historical,historical500,20.0,default,,,,
logistic,"{""C"": 1.0}",1.0,0.927,0.927,0.8726003490401396,1.0,0.9319664492078286,1.0,1.0,4,polish_bankruptcy,clean,historical500,10.0,default,,,,
random_forest,"{""max_depth"": null, ""min_samples_leaf"": 1}",1.0,0.981,0.981,0.9633911368015414,1.0,0.9813542688910696,0.995576,0.9952307163479824,4,polish_bankruptcy,clean,historical500,10.0,default,,,,
svm,"{""C"": 0.5, ""kernel"": ""linear""}",1.0,0.982,0.982,0.9652509652509652,1.0,0.9823182711198428,1.0,1.0,4,polish_bankruptcy,clean,historical500,10.0,default,,,,
knn,"{""n_neighbors"": 3, ""weights"": ""uniform""}",0.999004975124378,0.908,0.908,0.8445945945945946,1.0,0.9157509157509156,0.934,0.8833922261484098,4,polish_bankruptcy,clean,historical500,10.0,default,,,,
xgb,"{""max_depth"": 3, ""n_estimators"": 100}",0.998992950654582,1.0,1.0,1.0,1.0,1.0,1.0,1.0,4,polish_bankruptcy,clean,historical500,10.0,default,,,,
logistic,,,0.904,0.904,0.8389261744966443,1.0,0.9124087591240876,1.0,1.0,6,polish_bankruptcy,clean,historical500,10.0,default,,,,
logistic,,,0.945,0.945,0.9009009009009008,1.0,0.9478672985781992,1.0,1.0,11,polish_bankruptcy,clean,historical500,10.0,default,24.0,11.0,,
knn,,,0.929,0.929,0.8756567425569177,1.0,0.9337068160597572,0.929,0.8756567425569177,15,polish_bankruptcy,clean,historical500,10.0,k=1,,,,
knn,,,0.932,0.932,0.8802816901408451,1.0,0.9363295880149812,0.932,0.8802816901408451,15,polish_bankruptcy,clean,historical500,10.0,k=2,,,,
knn,,,0.908,0.908,0.8445945945945946,1.0,0.9157509157509156,0.934,0.8833922261484098,15,polish_bankruptcy,clean,historical500,10.0,k=3,,,,
knn,,,0.908,0.908,0.8445945945945946,1.0,0.9157509157509156,0.934,0.8833922261484098,15,polish_bankruptcy,clean,historical500,10.0,k=4,,,,
knn,,,0.895,0.895,0.8264462809917356,1.0,0.9049773755656108,0.944,0.8992805755395683,15,polish_bankruptcy,clean,historical500,10.0,k=5,,,,
knn,,,0.895,0.895,0.8264462809917356,1.0,0.9049773755656108,0.948,0.9057971014492754,15,polish_bankruptcy,clean,historical500,10.0,k=6,,,,
knn,,,0.888,0.888,0.8169934640522876,1.0,0.8992805755395683,0.948,0.9057971014492754,15,polish_bankruptcy,clean,historical500,10.0,k=7,,,,
knn,,,0.889,0.889,0.8183306055646481,1.0,0.9000900090009001,0.948,0.9057971014492754,15,polish_bankruptcy,clean,historical500,10.0,k=8,,,,
knn,,,0.884,0.884,0.8116883116883117,1.0,0.8960573476702509,0.948,0.9057971014492754,15,polish_bankruptcy,clean,historical500,10.0,k=9,,,,
knn,,,0.884,0.884,0.8116883116883117,1.0,0.8960573476702509,0.948,0.9057971014492754,15,polish_bankruptcy,clean,historical500,10.0,k=10,,,,
knn,,,0.849,0.849,0.7680491551459293,1.0,0.8688097306689835,0.948,0.9057971014492754,15,polish_bankruptcy,clean,historical500,10.0,k=11,,,,
knn,,,0.854,0.854,0.7739938080495357,1.0,0.8726003490401396,0.948,0.9057971014492754,15,polish_bankruptcy,clean,historical500,10.0,k=12,,,,
knn,,,0.833,0.833,0.7496251874062968,1.0,0.856898029134533,0.948,0.9057971014492754,15,polish_bankruptcy,clean,historical500,10.0,k=13,,,,
knn,,,0.865,0.865,0.7874015748031497,1.0,0.8810572687224669,0.948,0.9057971014492754,15,polish_bankruptcy,clean,historical500,10.0,k=14,,,,
knn,,,0.836,0.8360000000000001,0.7530120481927711,1.0,0.8591065292096219,0.948,0.9057971014492754,15,polish_bankruptcy,clean,historical500,10.0,k=15,,,,
knn,,,0.842,0.8420000000000001,0.7598784194528876,1.0,0.8635578583765112,0.948,0.9057971014492754,15,polish_bankruptcy,clean,historical500,10.0,k=16,,,,
knn,,,0.823,0.823,0.7385524372230429,1.0,0.8496176720475785,0.948,0.9057971014492754,15,polish_bankruptcy,clean,historical500,10.0,k=17,,,,
knn,,,0.825,0.825,0.7407407407407407,1.0,0.851063829787234,0.948,0.9057971014492754,15,polish_bankruptcy,clean,historical500,10.0,k=18,,,,
knn,,,0.813,0.813,0.727802037845706,1.0,0.8424599831508003,0.948,0.9057971014492754,15,polish_bankruptcy,clean,historical500,10.0,k=19,,,,
knn,,,0.813,0.813,0.727802037845706,1.0,0.8424599831508003,0.948,0.9057971014492754,15,polish_bankruptcy,clean,historical500,10.0,k=20,,,,
linear_regression,,,0.935,0.935,1.0,0.87,0.93048128342246,,,19,polish_bankruptcy,clean,historical500,10.0,default,,,,
logistic,"{""C"": 0.1}",1.0,0.927,0.927,0.8726003490401396,1.0,0.9319664492078286,1.0,1.0,4,polish_bankruptcy,clean,historical500,20.0,default,,,,
random_forest,"{""max_depth"": null, ""min_samples_leaf"": 1}",1.0,0.983,0.983,0.9782178217821782,0.988,0.983084577114428,0.998792,0.9988052994577554,4,polish_bankruptcy,clean,historical500,20.0,default,,,,
svm,"{""C"": 0.5, ""kernel"": ""linear""}",1.0,0.964,0.964,0.9328358208955224,1.0,0.9652509652509652,1.0,1.0,4,polish_bankruptcy,clean,historical500,20.0,default,,,,
knn,"{""n_neighbors"": 3, ""weights"": ""uniform""}",0.995959595959596,0.928,0.928,0.8741258741258742,1.0,0.9328358208955224,0.933,0.8818342151675485,4,polish_bankruptcy,clean,historical500,20.0,default,,,,
xgb,"{""max_depth"": 3, ""n_estimators"": 100}",0.998998998998999,1.0,1.0,1.0,1.0,1.0,1.0,1.0,4,polish_bankruptcy,clean,historical500,20.0,default,,,,
logistic,,,0.95,0.95,0.9090909090909092,1.0,0.9523809523809524,1.0,1.0,6,polish_bankruptcy,clean,historical500,20.0,default,,,,
logistic,,,0.893,0.893,0.8237232289950577,1.0,0.9033423667570007,1.0,1.0,11,polish_bankruptcy,clean,historical500,20.0,default,24.0,9.0,,
knn,,,0.933,0.933,0.8818342151675485,1.0,0.9372071227741332,0.933,0.8818342151675485,15,polish_bankruptcy,clean,historical500,20.0,k=1,,,,
knn,,,0.933,0.933,0.8818342151675485,1.0,0.9372071227741332,0.933,0.8818342151675485,15,polish_bankruptcy,clean,historical500,20.0,k=2,,,,
knn,,,0.928,0.928,0.8741258741258742,1.0,0.9328358208955224,0.933,0.8818342151675485,15,polish_bankruptcy,clean,historical500,20.0,k=3,,,,
knn,,,0.928,0.928,0.8741258741258742,1.0,0.9328358208955224,0.933,0.8818342151675485,15,polish_bankruptcy,clean,historical500,20.0,k=4,,,,
knn,,,0.928,0.928,0.8741258741258742,1.0,0.9328358208955224,0.933,0.8818342151675485,15,polish_bankruptcy,clean,historical500,20.0,k=5,,,,
knn,,,0.928,0.928,0.8741258741258742,1.0,0.9328358208955224,0.933,0.8818342151675485,15,polish_bankruptcy,clean,historical500,20.0,k=6,,,,
knn,,,0.928,0.928,0.8741258741258742,1.0,0.9328358208955224,0.933,0.8818342151675485,15,polish_bankruptcy,clean,historical500,20.0,k=7,,,,
knn,,,0.928,0.928,0.8741258741258742,1.0,0.9328358208955224,0.933,0.8818342151675485,15,polish_bankruptcy,clean,historical500,20.0,k=8,,,,
knn,,,0.918,0.918,0.8591065292096219,1.0,0.9242144177449167,0.933,0.8818342151675485,15,polish_bankruptcy,clean,historical500,20.0,k=9,,,,
knn,,,0.918,0.918,0.8591065292096219,1.0,0.9242144177449167,0.933,0.8818342151675485,15,polish_bankruptcy,clean,historical500,20.0,k=10,,,,
knn,,,0.918,0.918,0.8591065292096219,1.0,0.9242144177449167,0.933,0.8818342151675485,15,polish_bankruptcy,clean,historical500,20.0,k=11,,,,
knn,,,0.918,0.918,0.8591065292096219,1.0,0.9242144177449167,0.933,0.8818342151675485,15,polish_bankruptcy,clean,historical500,20.0,k=12,,,,
knn,,,0.918,0.918,0.8591065292096219,1.0,0.9242144177449167,0.933,0.8818342151675485,15,polish_bankruptcy,clean,historical500,20.0,k=13,,,,
knn,,,0.918,0.918,0.8591065292096219,1.0,0.9242144177449167,0.933,0.8818342151675485,15,polish_bankruptcy,clean,historical500,20.0,k=14,,,,
knn,,,0.918,0.918,0.8591065292096219,1.0,0.9242144177449167,0.933,0.8818342151675485,15,polish_bankruptcy,clean,historical500,20.0,k=15,,,,
knn,,,0.918,0.918,0.8591065292096219,1.0,0.9242144177449167,0.933,0.8818342151675485,15,polish_bankruptcy,clean,historical500,20.0,k=16,,,,
knn,,,0.918,0.918,0.8591065292096219,1.0,0.9242144177449167,0.933,0.8818342151675485,15,polish_bankruptcy,clean,historical500,20.0,k=17,,,,
knn,,,0.918,0.918,0.8591065292096219,1.0,0.9242144177449167,0.933,0.8818342151675485,15,polish_bankruptcy,clean,historical500,20.0,k=18,,,,
knn,,,0.918,0.918,0.8591065292096219,1.0,0.9242144177449167,0.933,0.8818342151675485,15,polish_bankruptcy,clean,historical500,20.0,k=19,,,,
knn,,,0.918,0.918,0.8591065292096219,1.0,0.9242144177449167,0.933,0.8818342151675485,15,polish_bankruptcy,clean,historical500,20.0,k=20,,,,
linear_regression,,,0.999,0.999,1.0,0.998,0.998998998998999,,,19,polish_bankruptcy,clean,historical500,20.0,default,,,,
logistic,"{""C"": 1.0}",1.0,1.0,1.0,1.0,1.0,1.0,1.0,1.0,4,taiwan_bankruptcy,historical,historical500,10.0,default,,,,
random_forest,"{""max_depth"": null, ""min_samples_leaf"": 1}",1.0,1.0,1.0,1.0,1.0,1.0,1.0,1.0,4,taiwan_bankruptcy,historical,historical500,10.0,default,,,,
svm,"{""C"": 0.5, ""kernel"": ""linear""}",1.0,1.0,1.0,1.0,1.0,1.0,1.0,1.0,4,taiwan_bankruptcy,historical,historical500,10.0,default,,,,
knn,"{""n_neighbors"": 3, ""weights"": ""uniform""}",1.0,1.0,1.0,1.0,1.0,1.0,1.0,1.0,4,taiwan_bankruptcy,historical,historical500,10.0,default,,,,
xgb,"{""max_depth"": 3, ""n_estimators"": 100}",0.9974747474747474,1.0,1.0,1.0,1.0,1.0,1.0,1.0,4,taiwan_bankruptcy,historical,historical500,10.0,default,,,,
logistic,,,1.0,1.0,1.0,1.0,1.0,1.0,1.0,6,taiwan_bankruptcy,historical,historical500,10.0,default,,,,
logistic,,,1.0,1.0,1.0,1.0,1.0,1.0,1.0,11,taiwan_bankruptcy,historical,historical500,10.0,default,24.0,9.0,,
knn,,,1.0,1.0,1.0,1.0,1.0,1.0,1.0,15,taiwan_bankruptcy,historical,historical500,10.0,k=1,,,,
knn,,,1.0,1.0,1.0,1.0,1.0,1.0,1.0,15,taiwan_bankruptcy,historical,historical500,10.0,k=2,,,,
knn,,,1.0,1.0,1.0,1.0,1.0,1.0,1.0,15,taiwan_bankruptcy,historical,historical500,10.0,k=3,,,,
knn,,,1.0,1.0,1.0,1.0,1.0,1.0,1.0,15,taiwan_bankruptcy,historical,historical500,10.0,k=4,,,,
knn,,,1.0,1.0,1.0,1.0,1.0,1.0,1.0,15,taiwan_bankruptcy,historical,historical500,10.0,k=5,,,,
knn,,,1.0,1.0,1.0,1.0,1.0,1.0,1.0,15,taiwan_bankruptcy,historical,historical500,10.0,k=6,,,,
knn,,,1.0,1.0,1.0,1.0,1.0,1.0,1.0,15,taiwan_bankruptcy,historical,historical500,10.0,k=7,,,,
knn,,,1.0,1.0,1.0,1.0,1.0,1.0,1.0,15,taiwan_bankruptcy,historical,historical500,10.0,k=8,,,,
knn,,,1.0,1.0,1.0,1.0,1.0,1.0,1.0,15,taiwan_bankruptcy,historical,historical500,10.0,k=9,,,,
knn,,,1.0,1.0,1.0,1.0,1.0,1.0,1.0,15,taiwan_bankruptcy,historical,historical500,10.0,k=10,,,,
knn,,,1.0,1.0,1.0,1.0,1.0,1.0,1.0,15,taiwan_bankruptcy,historical,historical500,10.0,k=11,,,,
knn,,,1.0,1.0,1.0,1.0,1.0,1.0,1.0,15,taiwan_bankruptcy,historical,historical500,10.0,k=12,,,,
knn,,,1.0,1.0,1.0,1.0,1.0,1.0,1.0,15,taiwan_bankruptcy,historical,historical500,10.0,k=13,,,,
knn,,,1.0,1.0,1.0,1.0,1.0,1.0,1.0,15,taiwan_bankruptcy,historical,historical500,10.0,k=14,,,,
knn,,,1.0,1.0,1.0,1.0,1.0,1.0,1.0,15,taiwan_bankruptcy,historical,historical500,10.0,k=15,,,,
knn,,,1.0,1.0,1.0,1.0,1.0,1.0,1.0,15,taiwan_bankruptcy,historical,historical500,10.0,k=16,,,,
knn,,,1.0,1.0,1.0,1.0,1.0,1.0,1.0,15,taiwan_bankruptcy,historical,historical500,10.0,k=17,,,,
knn,,,1.0,1.0,1.0,1.0,1.0,1.0,1.0,15,taiwan_bankruptcy,historical,historical500,10.0,k=18,,,,
knn,,,1.0,1.0,1.0,1.0,1.0,1.0,1.0,15,taiwan_bankruptcy,historical,historical500,10.0,k=19,,,,
knn,,,1.0,1.0,1.0,1.0,1.0,1.0,1.0,15,taiwan_bankruptcy,historical,historical500,10.0,k=20,,,,
linear_regression,,,1.0,1.0,1.0,1.0,1.0,,,19,taiwan_bankruptcy,historical,historical500,10.0,default,,,,
logistic,"{""C"": 0.1}",1.0,1.0,1.0,1.0,1.0,1.0,1.0,1.0,4,taiwan_bankruptcy,historical,historical500,20.0,default,,,,
random_forest,"{""max_depth"": null, ""min_samples_leaf"": 1}",1.0,1.0,1.0,1.0,1.0,1.0,1.0,1.0,4,taiwan_bankruptcy,historical,historical500,20.0,default,,,,
svm,"{""C"": 0.5, ""kernel"": ""linear""}",1.0,1.0,1.0,1.0,1.0,1.0,1.0,1.0,4,taiwan_bankruptcy,historical,historical500,20.0,default,,,,
knn,"{""n_neighbors"": 3, ""weights"": ""uniform""}",1.0,1.0,1.0,1.0,1.0,1.0,1.0,1.0,4,taiwan_bankruptcy,historical,historical500,20.0,default,,,,
xgb,"{""max_depth"": 3, ""n_estimators"": 100}",1.0,1.0,1.0,1.0,1.0,1.0,1.0,1.0,4,taiwan_bankruptcy,historical,historical500,20.0,default,,,,
logistic,,,1.0,1.0,1.0,1.0,1.0,1.0,1.0,6,taiwan_bankruptcy,historical,historical500,20.0,default,,,,
logistic,,,1.0,1.0,1.0,1.0,1.0,1.0,1.0,11,taiwan_bankruptcy,historical,historical500,20.0,default,24.0,8.0,,
knn,,,1.0,1.0,1.0,1.0,1.0,1.0,1.0,15,taiwan_bankruptcy,historical,historical500,20.0,k=1,,,,
knn,,,1.0,1.0,1.0,1.0,1.0,1.0,1.0,15,taiwan_bankruptcy,historical,historical500,20.0,k=2,,,,
knn,,,1.0,1.0,1.0,1.0,1.0,1.0,1.0,15,taiwan_bankruptcy,historical,historical500,20.0,k=3,,,,
knn,,,1.0,1.0,1.0,1.0,1.0,1.0,1.0,15,taiwan_bankruptcy,historical,historical500,20.0,k=4,,,,
knn,,,1.0,1.0,1.0,1.0,1.0,1.0,1.0,15,taiwan_bankruptcy,historical,historical500,20.0,k=5,,,,
knn,,,1.0,1.0,1.0,1.0,1.0,1.0,1.0,15,taiwan_bankruptcy,historical,historical500,20.0,k=6,,,,
knn,,,1.0,1.0,1.0,1.0,1.0,1.0,1.0,15,taiwan_bankruptcy,historical,historical500,20.0,k=7,,,,
knn,,,1.0,1.0,1.0,1.0,1.0,1.0,1.0,15,taiwan_bankruptcy,historical,historical500,20.0,k=8,,,,
knn,,,1.0,1.0,1.0,1.0,1.0,1.0,1.0,15,taiwan_bankruptcy,historical,historical500,20.0,k=9,,,,
knn,,,1.0,1.0,1.0,1.0,1.0,1.0,1.0,15,taiwan_bankruptcy,historical,historical500,20.0,k=10,,,,
knn,,,1.0,1.0,1.0,1.0,1.0,1.0,1.0,15,taiwan_bankruptcy,historical,historical500,20.0,k=11,,,,
knn,,,1.0,1.0,1.0,1.0,1.0,1.0,1.0,15,taiwan_bankruptcy,historical,historical500,20.0,k=12,,,,
knn,,,1.0,1.0,1.0,1.0,1.0,1.0,1.0,15,taiwan_bankruptcy,historical,historical500,20.0,k=13,,,,
knn,,,1.0,1.0,1.0,1.0,1.0,1.0,1.0,15,taiwan_bankruptcy,historical,historical500,20.0,k=14,,,,
knn,,,1.0,1.0,1.0,1.0,1.0,1.0,1.0,15,taiwan_bankruptcy,historical,historical500,20.0,k=15,,,,
knn,,,1.0,1.0,1.0,1.0,1.0,1.0,1.0,15,taiwan_bankruptcy,historical,historical500,20.0,k=16,,,,
knn,,,1.0,1.0,1.0,1.0,1.0,1.0,1.0,15,taiwan_bankruptcy,historical,historical500,20.0,k=17,,,,
knn,,,1.0,1.0,1.0,1.0,1.0,1.0,1.0,15,taiwan_bankruptcy,historical,historical500,20.0,k=18,,,,
knn,,,1.0,1.0,1.0,1.0,1.0,1.0,1.0,15,taiwan_bankruptcy,historical,historical500,20.0,k=19,,,,
knn,,,1.0,1.0,1.0,1.0,1.0,1.0,1.0,15,taiwan_bankruptcy,historical,historical500,20.0,k=20,,,,
linear_regression,,,1.0,1.0,1.0,1.0,1.0,,,19,taiwan_bankruptcy,historical,historical500,20.0,default,,,,
logistic,"{""C"": 0.1}",1.0,0.932,0.932,0.8802816901408451,1.0,0.9363295880149812,1.0,1.0,4,taiwan_bankruptcy,clean,historical500,10.0,default,,,,
random_forest,"{""max_depth"": null, ""min_samples_leaf"": 1}",1.0,0.893,0.893,0.8237232289950577,1.0,0.9033423667570007,0.999542,0.999571714288966,4,taiwan_bankruptcy,clean,historical500,10.0,default,,,,
svm,"{""C"": 0.5, ""kernel"": ""linear""}",1.0,0.991,0.991,0.9823182711198428,1.0,0.9910802775024776,1.0,1.0,4,taiwan_bankruptcy,clean,historical500,10.0,default,,,,
knn,"{""n_neighbors"": 3, ""weights"": ""uniform""}",1.0,0.992,0.992,0.984251968503937,1.0,0.992063492063492,0.997,0.9940357852882704,4,taiwan_bankruptcy,clean,historical500,10.0,default,,,,
xgb,"{""max_depth"": 3, ""n_estimators"": 100}",0.998998998998999,0.976,0.976,0.9630350194552528,0.99,0.9763313609467456,0.99464,0.990667250143946,4,taiwan_bankruptcy,clean,historical500,10.0,default,,,,
logistic,,,0.99,0.99,0.9803921568627452,1.0,0.99009900990099,1.0,1.0,6,taiwan_bankruptcy,clean,historical500,10.0,default,,,,
logistic,,,0.99,0.99,0.9803921568627452,1.0,0.99009900990099,1.0,1.0,11,taiwan_bankruptcy,clean,historical500,10.0,default,24.0,10.0,,
knn,,,0.991,0.991,0.9823182711198428,1.0,0.9910802775024776,0.991,0.9823182711198428,15,taiwan_bankruptcy,clean,historical500,10.0,k=1,,,,
knn,,,0.994,0.994,0.9881422924901184,1.0,0.9940357852882704,0.994,0.9881422924901184,15,taiwan_bankruptcy,clean,historical500,10.0,k=2,,,,
knn,,,0.992,0.992,0.984251968503937,1.0,0.992063492063492,0.997,0.9940357852882704,15,taiwan_bankruptcy,clean,historical500,10.0,k=3,,,,
knn,,,0.995,0.995,0.99009900990099,1.0,0.9950248756218906,0.997,0.9940357852882704,15,taiwan_bankruptcy,clean,historical500,10.0,k=4,,,,
knn,,,0.99,0.99,0.9803921568627452,1.0,0.99009900990099,0.999,0.998003992015968,15,taiwan_bankruptcy,clean,historical500,10.0,k=5,,,,
knn,,,0.993,0.993,0.9861932938856016,1.0,0.99304865938431,0.999,0.998003992015968,15,taiwan_bankruptcy,clean,historical500,10.0,k=6,,,,
knn,,,0.988,0.988,0.9765625,1.0,0.9881422924901184,0.999,0.998003992015968,15,taiwan_bankruptcy,clean,historical500,10.0,k=7,,,,
knn,,,0.991,0.991,0.9823182711198428,1.0,0.9910802775024776,0.999,0.998003992015968,15,taiwan_bankruptcy,clean,historical500,10.0,k=8,,,,
knn,,,0.987,0.987,0.9746588693957114,1.0,0.987166831194472,0.999,0.998003992015968,15,taiwan_bankruptcy,clean,historical500,10.0,k=9,,,,
knn,,,0.988,0.988,0.9765625,1.0,0.9881422924901184,0.999,0.998003992015968,15,taiwan_bankruptcy,clean,historical500,10.0,k=10,,,,
knn,,,0.988,0.988,0.9765625,1.0,0.9881422924901184,0.999,0.998003992015968,15,taiwan_bankruptcy,clean,historical500,10.0,k=11,,,,
knn,,,0.988,0.988,0.9765625,1.0,0.9881422924901184,0.999,0.998003992015968,15,taiwan_bankruptcy,clean,historical500,10.0,k=12,,,,
knn,,,0.988,0.988,0.9765625,1.0,0.9881422924901184,0.999,0.998003992015968,15,taiwan_bankruptcy,clean,historical500,10.0,k=13,,,,
knn,,,0.988,0.988,0.9765625,1.0,0.9881422924901184,0.999,0.998003992015968,15,taiwan_bankruptcy,clean,historical500,10.0,k=14,,,,
knn,,,0.987,0.987,0.9746588693957114,1.0,0.987166831194472,0.999,0.998003992015968,15,taiwan_bankruptcy,clean,historical500,10.0,k=15,,,,
knn,,,0.988,0.988,0.9765625,1.0,0.9881422924901184,0.999,0.998003992015968,15,taiwan_bankruptcy,clean,historical500,10.0,k=16,,,,
knn,,,0.987,0.987,0.9746588693957114,1.0,0.987166831194472,1.0,1.0,15,taiwan_bankruptcy,clean,historical500,10.0,k=17,,,,
knn,,,0.987,0.987,0.9746588693957114,1.0,0.987166831194472,1.0,1.0,15,taiwan_bankruptcy,clean,historical500,10.0,k=18,,,,
knn,,,0.986,0.986,0.9727626459143968,1.0,0.9861932938856016,1.0,1.0,15,taiwan_bankruptcy,clean,historical500,10.0,k=19,,,,
knn,,,0.986,0.986,0.9727626459143968,1.0,0.9861932938856016,1.0,1.0,15,taiwan_bankruptcy,clean,historical500,10.0,k=20,,,,
linear_regression,,,0.997,0.997,0.9940357852882704,1.0,0.9970089730807578,,,19,taiwan_bankruptcy,clean,historical500,10.0,default,,,,
logistic,"{""C"": 0.1}",1.0,0.974,0.974,0.9505703422053232,1.0,0.9746588693957114,0.999828,0.9998305635991614,4,taiwan_bankruptcy,clean,historical500,20.0,default,,,,
random_forest,"{""max_depth"": null, ""min_samples_leaf"": 1}",1.0,0.596,0.596,1.0,0.192,0.3221476510067114,1.0,1.0,4,taiwan_bankruptcy,clean,historical500,20.0,default,,,,
svm,"{""C"": 0.5, ""kernel"": ""linear""}",1.0,0.758,0.758,1.0,0.516,0.6807387862796834,0.942756,0.9550748348763032,4,taiwan_bankruptcy,clean,historical500,20.0,default,,,,
knn,"{""n_neighbors"": 3, ""weights"": ""uniform""}",1.0,0.994,0.994,0.9881422924901184,1.0,0.9940357852882704,0.996,0.992063492063492,4,taiwan_bankruptcy,clean,historical500,20.0,default,,,,
xgb,"{""max_depth"": 3, ""n_estimators"": 100}",0.998998998998999,0.991,0.991,1.0,0.982,0.9909182643794148,0.998,0.998,4,taiwan_bankruptcy,clean,historical500,20.0,default,,,,
logistic,,,1.0,1.0,1.0,1.0,1.0,1.0,1.0,6,taiwan_bankruptcy,clean,historical500,20.0,default,,,,
logistic,,,0.999,0.999,0.998003992015968,1.0,0.999000999000999,1.0,1.0,11,taiwan_bankruptcy,clean,historical500,20.0,default,24.0,8.0,,
knn,,,0.992,0.992,0.984251968503937,1.0,0.992063492063492,0.992,0.984251968503937,15,taiwan_bankruptcy,clean,historical500,20.0,k=1,,,,
knn,,,0.996,0.996,0.992063492063492,1.0,0.99601593625498,0.996,0.992063492063492,15,taiwan_bankruptcy,clean,historical500,20.0,k=2,,,,
knn,,,0.994,0.994,0.9881422924901184,1.0,0.9940357852882704,0.996,0.992063492063492,15,taiwan_bankruptcy,clean,historical500,20.0,k=3,,,,
knn,,,0.995,0.995,0.99009900990099,1.0,0.9950248756218906,0.997,0.9940357852882704,15,taiwan_bankruptcy,clean,historical500,20.0,k=4,,,,
knn,,,0.99,0.99,0.9803921568627452,1.0,0.99009900990099,0.998,0.99601593625498,15,taiwan_bankruptcy,clean,historical500,20.0,k=5,,,,
knn,,,0.991,0.991,0.9823182711198428,1.0,0.9910802775024776,0.999,0.998003992015968,15,taiwan_bankruptcy,clean,historical500,20.0,k=6,,,,
knn,,,0.99,0.99,0.9803921568627452,1.0,0.99009900990099,0.999,0.998003992015968,15,taiwan_bankruptcy,clean,historical500,20.0,k=7,,,,
knn,,,0.99,0.99,0.9803921568627452,1.0,0.99009900990099,0.999,0.998003992015968,15,taiwan_bankruptcy,clean,historical500,20.0,k=8,,,,
knn,,,0.99,0.99,0.9803921568627452,1.0,0.99009900990099,0.999,0.998003992015968,15,taiwan_bankruptcy,clean,historical500,20.0,k=9,,,,
knn,,,0.99,0.99,0.9803921568627452,1.0,0.99009900990099,0.999,0.998003992015968,15,taiwan_bankruptcy,clean,historical500,20.0,k=10,,,,
knn,,,0.99,0.99,0.9803921568627452,1.0,0.99009900990099,0.999,0.998003992015968,15,taiwan_bankruptcy,clean,historical500,20.0,k=11,,,,
knn,,,0.99,0.99,0.9803921568627452,1.0,0.99009900990099,0.999,0.998003992015968,15,taiwan_bankruptcy,clean,historical500,20.0,k=12,,,,
knn,,,0.989,0.989,0.9784735812133072,1.0,0.9891196834817012,0.999,0.998003992015968,15,taiwan_bankruptcy,clean,historical500,20.0,k=13,,,,
knn,,,0.99,0.99,0.9803921568627452,1.0,0.99009900990099,0.999,0.998003992015968,15,taiwan_bankruptcy,clean,historical500,20.0,k=14,,,,
knn,,,0.99,0.99,0.9803921568627452,1.0,0.99009900990099,0.999,0.998003992015968,15,taiwan_bankruptcy,clean,historical500,20.0,k=15,,,,
knn,,,0.99,0.99,0.9803921568627452,1.0,0.99009900990099,0.999,0.998003992015968,15,taiwan_bankruptcy,clean,historical500,20.0,k=16,,,,
knn,,,0.99,0.99,0.9803921568627452,1.0,0.99009900990099,0.999,0.998003992015968,15,taiwan_bankruptcy,clean,historical500,20.0,k=17,,,,
knn,,,0.99,0.99,0.9803921568627452,1.0,0.99009900990099,0.999,0.998003992015968,15,taiwan_bankruptcy,clean,historical500,20.0,k=18,,,,
knn,,,0.99,0.99,0.9803921568627452,1.0,0.99009900990099,0.999,0.998003992015968,15,taiwan_bankruptcy,clean,historical500,20.0,k=19,,,,
knn,,,0.99,0.99,0.9803921568627452,1.0,0.99009900990099,1.0,1.0,15,taiwan_bankruptcy,clean,historical500,20.0,k=20,,,,
linear_regression,,,1.0,1.0,1.0,1.0,1.0,,,19,taiwan_bankruptcy,clean,historical500,20.0,default,,,,
